Rk,Player,Pos,Age,Tm,G,GS,MP,FG,FGA,FG%,3P,3PA,3P%,2P,2PA,2P%,eFG%,FT,FTA,FT%,ORB,DRB,TRB,AST,STL,BLK,TOV,PF,PS/G
1,Alex Abrines,SG,25,OKC,25,2,19.8,1.8,5.3,0.341,1.3,4.2,0.305,0.5,1.1,0.481,0.462,0.4,0.4,0.909,0.1,1.5,1.6,0.8,0.6,0.2,0.6,1.6,5.3
2,Jaylen Adams,PG,22,ATL,8,0,3.4,0.3,0.8,0.333,0.3,0.6,0.4,0,0.1,0,0.5,0,0,,0,0.4,0.4,0.5,0.1,0.1,0.1,0,0.8
3,Steven Adams,C,25,OKC,27,27,33.5,6.6,11.3,0.589,0,0,,6.6,11.3,0.589,0.589,2.7,5,0.552,4.9,4.9,9.8,1.7,1.4,1,1.5,2.4,16
4,Bam Adebayo,C,21,MIA,29,5,21,2.9,5.3,0.552,0,0.1,0.25,2.9,5.2,0.56,0.555,2.1,3,0.713,2.2,5,7.2,1.8,0.7,1,1.3,2.5,8
5,DeVaughn Akoon-Purcell,SG,25,DEN,7,0,3.1,0.4,1.4,0.3,0,0.6,0,0.4,0.9,0.5,0.3,0.1,0.3,0.5,0.1,0.4,0.6,0.9,0.3,0,0.3,0.6,1
6,LaMarcus Aldridge,C,33,SAS,30,30,32.8,7.5,15.7,0.477,0,0.3,0.1,7.4,15.3,0.485,0.478,3.9,4.7,0.817,3.2,6.4,9.6,2.1,0.5,1.2,2,2.1,18.8
7,Grayson Allen,SG,23,UTA,17,1,9.7,1.2,3.6,0.323,0.6,2.4,0.268,0.5,1.2,0.429,0.411,1.1,1.5,0.72,0.1,0.2,0.3,0.4,0.1,0,0.6,1.1,4.1
8,Jarrett Allen,C,20,BRK,29,29,27.3,4.6,7.8,0.596,0.1,0.7,0.143,4.5,7,0.642,0.602,2.8,3.8,0.736,2.8,5.4,8.1,1.6,0.5,1.4,1.4,2.8,12.1
9,Al-Farouq Aminu,PF,28,POR,29,29,30.1,3.2,7.3,0.445,1.4,4,0.365,1.8,3.3,0.542,0.545,1.6,1.9,0.833,1.4,6.8,8.1,0.7,1,0.4,0.9,2.3,9.5
10,Justin Anderson,SG,25,ATL,12,0,7.5,1.6,3.4,0.463,0.3,1.4,0.176,1.3,2,0.667,0.5,0.7,0.8,0.889,0.5,0.8,1.3,0.5,0.5,0.2,0.3,1,4.1
11,Kyle Anderson,SF,25,MEM,28,25,29.2,2.9,5.9,0.488,0.2,0.6,0.278,2.7,5.3,0.514,0.503,0.8,1.3,0.583,1.2,5.1,6.3,3,1.1,0.8,1.2,2.5,6.7
12,Ryan Anderson,PF,30,PHO,15,8,18.5,1.3,4,0.317,0.5,2.3,0.206,0.8,1.7,0.462,0.375,0.7,0.9,0.786,0.9,2.1,3,1.1,0.2,0.1,0.8,1.5,3.7
13,Ike Anigbogu,C,20,IND,3,0,2,0,1,0,0,0,,0,1,0,0,0,0,,0.3,0.7,1,0.3,0,0.3,0.3,0,0
14,Giannis Antetokounmpo,PF,24,MIL,26,26,34,10,17.1,0.583,0.3,2.3,0.131,9.7,14.7,0.655,0.592,6.3,9.2,0.693,2.7,10.5,13.2,6.1,1.3,1.3,4.2,3.3,26.6
15,Carmelo Anthony,PF,34,HOU,10,2,29.4,4.9,12.1,0.405,2.1,6.4,0.328,2.8,5.7,0.491,0.492,1.5,2.2,0.682,0.9,4.5,5.4,0.5,0.4,0.7,0.8,3.2,13.4
16,OG Anunoby,SF,21,TOR,26,3,20.4,3.1,7.2,0.431,1.1,3.7,0.299,2,3.5,0.571,0.508,0.3,0.9,0.292,0.7,2,2.7,0.5,0.6,0.3,0.7,2.2,7.6
17,Ryan Arcidiacono,PG,24,CHI,29,18,28.5,2.4,5.5,0.447,1.6,3.8,0.405,0.9,1.7,0.542,0.588,0.7,0.9,0.8,0.3,2.5,2.8,3.8,1,0,1,2.6,7.1
18,Trevor Ariza,SF,33,PHO,26,26,34,3.3,8.7,0.379,1.9,5.3,0.36,1.4,3.4,0.409,0.489,1.4,1.7,0.837,0.6,5,5.6,3.3,1.5,0.3,1.5,1.7,9.9
19,D.J. Augustin,PG,31,ORL,29,29,27.6,3.4,7.5,0.45,1.6,3.7,0.439,1.8,3.8,0.459,0.557,1.9,2.2,0.875,0.5,1.8,2.3,5,0.4,0,1.3,1.2,10.3
20,Deandre Ayton,C,20,PHO,30,29,30.6,6.9,11.7,0.585,0,0.1,0,6.9,11.7,0.589,0.585,1.8,2.4,0.753,2.5,7.6,10.1,2.5,0.6,0.9,1.9,2.9,15.6
21,Dwayne Bacon,SG,23,CHO,16,0,12.6,2.3,4.4,0.514,0.6,1.2,0.526,1.6,3.2,0.51,0.586,0.6,0.8,0.833,0.1,1.7,1.8,0.9,0.2,0,0.5,1.4,5.8
22,Marvin Bagley,PF,19,SAC,26,0,23.1,4.8,9,0.536,0.3,1,0.346,4.5,8,0.56,0.556,2.7,4,0.683,2.4,3.7,6.1,0.9,0.4,1,1.7,2,12.7
23,Ron Baker,SG,25,NYK,11,0,9.7,0.4,1.5,0.25,0.1,0.8,0.111,0.3,0.6,0.429,0.281,0.5,0.5,0.833,0.1,0.5,0.6,1.2,0.5,0,0.3,1.5,1.3
24,Wade Baldwin,PG,22,POR,9,0,5.7,0.4,2,0.222,0.1,0.6,0.2,0.3,1.4,0.231,0.25,0.1,0.1,1,0.1,0.8,0.9,0.9,0,0.2,0.9,0.3,1.1
25,Lonzo Ball,PG,21,LAL,30,28,28.9,3.4,8.7,0.391,1.3,4.2,0.307,2.1,4.5,0.47,0.466,0.5,0.8,0.56,1.1,4.1,5.2,5,1.5,0.4,2.1,2.2,8.6
26,Mohamed Bamba,C,20,ORL,28,0,16.9,2.8,5.7,0.488,0.6,1.9,0.346,2.1,3.9,0.556,0.544,0.5,0.9,0.625,1.4,3.3,4.6,1.1,0.3,1.4,0.8,2.1,6.8
27,J.J. Barea,PG,34,DAL,25,0,19.4,4.5,10.2,0.441,1,3.1,0.308,3.6,7.1,0.5,0.488,1.4,2,0.706,0.3,2.1,2.4,5.4,0.6,0,1.7,1.3,11.4
28,Harrison Barnes,SF,26,DAL,24,24,31.5,6,14.7,0.412,2.5,6.2,0.405,3.5,8.5,0.417,0.497,3.2,4,0.8,0.8,3.5,4.3,1.2,0.8,0.3,1.6,1.7,17.8
29,Will Barton,SG,28,DEN,2,2,27,6,10.5,0.571,2.5,4.5,0.556,3.5,6,0.583,0.69,2,2,1,0,5,5,3,0.5,1,1.5,2.5,16.5
30,Keita Bates-Diop,SF,23,MIN,2,0,9,1,4,0.25,0,2,0,1,2,0.5,0.25,0,0,,0,1.5,1.5,0,0,0.5,0,0.5,2
31,Nicolas Batum,SF,30,CHO,29,29,30.2,3.5,7.7,0.451,1.3,3.5,0.382,2.1,4.2,0.508,0.538,0.8,1,0.857,1.1,4.2,5.2,3.5,0.9,0.4,1.7,1.7,9.1
32,Aron Baynes,C,32,BOS,24,8,14.8,1.9,4.3,0.441,0.5,1.5,0.324,1.4,2.7,0.508,0.5,1.3,1.5,0.861,1.6,2.8,4.4,1.3,0.2,0.5,0.8,2.3,5.5
33,Kent Bazemore,SG,29,ATL,29,24,26.9,4.7,10.7,0.443,1.4,4.5,0.313,3.3,6.1,0.539,0.51,2.3,3,0.779,0.5,3.4,3.9,2.6,1.8,0.9,2.2,2.5,13.2
34,Bradley Beal,SG,25,WAS,30,30,36,8.6,18.2,0.47,2.3,6.8,0.345,6.2,11.5,0.544,0.534,3.7,4.8,0.778,0.8,3.8,4.6,4.4,1,0.9,2.5,3.1,23.2
35,Malik Beasley,SG,22,DEN,29,0,19.1,3.1,6.8,0.454,1.4,3.6,0.388,1.7,3.2,0.527,0.556,0.3,0.4,0.833,0.3,2.1,2.4,0.9,0.4,0.1,0.6,1.3,7.9
36,Michael Beasley,PF,30,LAL,10,0,7.1,1.9,3.7,0.514,0.1,0.4,0.25,1.8,3.3,0.545,0.527,0.5,0.6,0.833,0.3,1.1,1.4,0.3,0.2,0,0.7,1.5,4.4
37,Marco Belinelli,SG,32,SAS,29,0,22.1,3.4,8.9,0.384,1.6,4.7,0.348,1.8,4.2,0.423,0.475,1.3,1.6,0.867,0.2,1.8,2,1.9,0.6,0.2,0.7,1.5,9.8
38,Jordan Bell,C,24,GSW,29,1,12.6,1.1,2.1,0.541,0,0,0,1.1,2.1,0.55,0.541,0.4,0.7,0.684,0.8,2,2.8,1.3,0.4,0.9,0.6,1.6,2.7
39,DeAndre' Bembry,SG,24,ATL,29,2,22.7,3.1,7.7,0.41,0.8,2.5,0.319,2.3,5.2,0.453,0.462,1.2,2,0.603,0.5,3.8,4.3,2.7,1.3,0.7,1.6,2.4,8.3
40,Dragan Bender,PF,21,PHO,10,0,8.6,0.8,2.2,0.364,0.2,1.3,0.154,0.6,0.9,0.667,0.409,0.5,0.5,1,0.5,1,1.5,0.5,0,0,0.6,0.8,2.3
41,Davis Bertans,PF,26,SAS,26,4,17.3,2.4,5,0.481,1.6,3.6,0.447,0.8,1.3,0.571,0.643,0.7,0.7,0.895,0.5,2.2,2.6,0.9,0.4,0.4,0.5,1.4,7
42,Patrick Beverley,PG,30,LAC,29,16,24.5,2.1,6,0.349,1.1,3.5,0.317,1,2.6,0.392,0.44,1.1,1.4,0.805,0.7,3,3.7,3.4,0.7,0.3,1.1,3.4,6.4
43,Khem Birch,C,26,ORL,9,0,7.3,1.1,1.9,0.588,0,0,,1.1,1.9,0.588,0.588,0.2,0.2,1,0.7,1.4,2.1,0.2,0.4,0.2,0.3,0.8,2.4
44,Bismack Biyombo,C,26,CHO,10,0,7.7,0.7,1.2,0.583,0,0,,0.7,1.2,0.583,0.583,0.4,0.9,0.444,0.5,1.3,1.8,0.2,0.1,0.9,0.4,1.7,1.8
45,Nemanja Bjelica,PF,30,SAC,29,29,24.6,4.4,8.1,0.543,1.7,3.5,0.485,2.7,4.6,0.586,0.647,1,1.3,0.769,1.4,4.5,5.9,2,0.9,0.8,1.4,2.7,11.5
46,Antonio Blakeney,SG,22,CHI,24,0,17.1,3.7,8.7,0.426,1.1,2.4,0.448,2.6,6.3,0.417,0.488,1,1.5,0.657,0.2,1.7,1.9,0.5,0.3,0.2,0.9,0.8,9.5
47,Eric Bledsoe,PG,29,MIL,28,28,29.9,6.2,12.3,0.506,1.8,4.9,0.355,4.5,7.4,0.607,0.577,2,2.8,0.74,1.2,3.2,4.4,5.8,1.4,0.5,2.2,2.3,16.2
48,Jaron Blossomgame,SF,25,CLE,7,1,13.9,1.3,2.9,0.45,0.4,1.3,0.333,0.9,1.6,0.545,0.525,0.4,0.4,1,0.9,3.3,4.1,0.6,0.1,0.1,0.1,0.6,3.4
49,Bogdan Bogdanovic,SG,26,SAC,18,3,27.7,5.6,12.7,0.439,2.1,5.8,0.356,3.5,6.9,0.508,0.52,2.1,2.4,0.841,0.5,3,3.5,3.9,0.7,0.1,1.2,2.2,15.2
50,Bojan Bogdanovic,SF,29,IND,30,30,31.5,5.8,11.2,0.519,2.1,4.4,0.489,3.7,6.8,0.539,0.615,2.7,3.3,0.82,0.4,3.5,3.9,1.5,0.8,0,1.8,1.7,16.5
51,Jonah Bolden,PF,23,PHI,8,0,5.6,0.6,1.5,0.417,0.1,0.9,0.143,0.5,0.6,0.8,0.458,0.1,0.3,0.5,0.3,1.3,1.5,0.3,0.4,0.1,0.4,0.9,1.5
52,Isaac Bonga,PG,19,LAL,5,0,3.4,0.4,1.4,0.286,0,0.2,0,0.4,1.2,0.333,0.286,0.4,0.6,0.667,0.4,0.4,0.8,0.6,0.6,0,0.4,0.6,1.2
53,Devin Booker,SG,22,PHO,20,20,35.3,8.6,19.2,0.446,2.4,7.5,0.32,6.2,11.7,0.528,0.509,4.3,5.1,0.842,0.5,3.3,3.8,6.8,1.1,0.1,4,3.4,23.8
54,Chris Boucher,PF,26,TOR,4,0,3.5,1,2.3,0.444,0.3,1.3,0.2,0.8,1,0.75,0.5,1,1.5,0.667,0.8,1,1.8,0,0,0.8,0,0.5,3.3
55,Avery Bradley,SG,28,LAC,23,23,29.7,3.2,8.5,0.379,0.9,3.2,0.288,2.3,5.3,0.434,0.433,0.4,0.5,0.818,0.5,1.9,2.4,1.8,0.7,0.5,1.6,2.7,7.7
56,Mikal Bridges,SF,22,PHO,30,16,24,2.7,6.7,0.41,1.2,3.6,0.333,1.5,3.1,0.5,0.5,0.9,1.1,0.848,0.5,1.9,2.4,1.2,1.3,0.4,0.8,2.2,7.6
57,Miles Bridges,SF,20,CHO,28,0,20.3,3,6.3,0.48,1,2.7,0.36,2,3.6,0.57,0.557,0.9,1.1,0.75,0.6,3.2,3.8,1,0.6,0.8,0.6,1.4,7.8
58,Isaiah Briscoe,PG,22,ORL,10,0,7,0.8,1.9,0.421,0.1,0.1,1,0.7,1.8,0.389,0.447,0.2,0.5,0.4,0,0.6,0.6,0.9,0,0,0.3,0.8,1.9
59,Ryan Broekhoff,SG,28,DAL,14,0,5.2,0.6,1.6,0.364,0.4,1.3,0.278,0.2,0.3,0.75,0.477,0.1,0.1,1,0.1,0.8,0.9,0.2,0.1,0.1,0.1,0.3,1.6
60,Malcolm Brogdon,SG,26,MIL,27,27,30,5.9,11.5,0.516,1.8,3.9,0.467,4.1,7.6,0.541,0.595,1.6,1.7,0.978,0.9,3.5,4.4,3.3,0.6,0.2,1.6,1.7,15.3
61,Dillon Brooks,SF,23,MEM,11,0,18.9,2.5,6,0.409,0.6,1.7,0.368,1.8,4.3,0.426,0.462,1.3,1.6,0.778,0.5,1.5,2.1,0.9,0.7,0.4,0.8,2.7,6.8
62,MarShon Brooks,SG,30,MEM,26,0,13.9,2.8,6.2,0.457,0.6,2,0.294,2.3,4.3,0.532,0.503,0.8,1.2,0.677,0.5,1.2,1.7,0.9,0.3,0.2,0.7,1.2,7.1
63,Bruce Brown,SG,22,DET,20,7,18.5,1.7,4,0.413,0.3,1.2,0.208,1.4,2.8,0.5,0.444,0.7,1.1,0.667,0.6,1.9,2.5,1,0.6,0.5,0.6,2.5,4.3
64,Jaylen Brown,SG,22,BOS,24,19,27.3,4.4,10.8,0.409,1.1,3.9,0.28,3.3,6.9,0.482,0.459,1.8,2.6,0.677,1.2,3,4.2,1.5,0.7,0.6,1.5,2.7,11.7
65,Lorenzo Brown,PG,28,TOR,19,0,8.8,1,2.9,0.339,0.3,1.3,0.208,0.7,1.7,0.438,0.384,0.1,0.1,1,0.2,1,1.2,1.1,0.4,0.3,0.7,0.9,2.4
66,Sterling Brown,SG,23,MIL,19,0,12.8,1.8,3.8,0.472,0.7,1.9,0.361,1.1,1.9,0.583,0.563,0.3,0.4,0.75,0.6,2,2.6,0.7,0.2,0.1,0.4,1.3,4.6
67,Troy Brown,SF,19,WAS,13,0,7,0.9,2.5,0.364,0.2,0.5,0.333,0.8,2.1,0.37,0.394,0.5,0.6,0.875,0.2,1.4,1.6,0.8,0.5,0,0.3,0.5,2.5
68,Jalen Brunson,PG,22,DAL,25,5,15.6,2.4,5.2,0.457,0.4,1.7,0.238,2,3.5,0.563,0.496,0.8,1.3,0.625,0.3,1.1,1.4,1.8,0.6,0,0.6,1.2,5.9
69,Thomas Bryant,C,21,WAS,20,14,14.2,2.5,4.1,0.598,0.2,1,0.158,2.3,3.2,0.73,0.616,1,1.1,0.864,1.1,3,4.1,0.8,0.4,0.7,0.6,1.1,6
70,Reggie Bullock,SG,27,DET,19,19,28.4,3.5,8.9,0.394,1.9,5.5,0.356,1.6,3.5,0.455,0.503,1.4,1.6,0.867,0.4,1.9,2.3,2.4,0.6,0.1,1.1,1.5,10.4
71,Trey Burke,PG,26,NYK,22,5,20.3,4.4,10.5,0.414,1,2.9,0.365,3.3,7.7,0.432,0.463,1.9,2.3,0.804,0.6,1.6,2.2,3,0.6,0.1,1.1,1,11.6
72,Alec Burks,SG,27,TOT,27,5,20.4,3.1,8.2,0.376,1,3.1,0.337,2,5.1,0.399,0.439,2.1,2.4,0.848,0.4,2.6,3,1.7,0.6,0.2,1.1,1.3,9.3
72,Alec Burks,SG,27,UTA,17,0,15.8,2.8,6.7,0.412,0.9,2.5,0.372,1.8,4.2,0.437,0.482,1.9,2.2,0.868,0.1,1.5,1.6,1.2,0.4,0.2,0.9,1.3,8.4
72,Alec Burks,SG,27,CLE,10,5,28.3,3.6,10.7,0.336,1.2,4,0.3,2.4,6.7,0.358,0.393,2.3,2.8,0.821,0.9,4.5,5.4,2.5,0.9,0.1,1.6,1.3,10.7
73,Deonte Burton,SG,25,OKC,15,0,8.7,1.3,3.1,0.435,0.3,0.9,0.308,1.1,2.2,0.485,0.478,0.3,0.4,0.833,0.1,1,1.1,0.3,0.2,0.3,0.5,1.1,3.3
74,Jimmy Butler,SG,29,TOT,24,24,33.4,7.2,14.9,0.483,1.6,3.8,0.413,5.6,11.1,0.508,0.536,4.4,5.3,0.833,1.8,3.3,5,3.5,2,0.8,1.5,1.8,20.4
74,Jimmy Butler,SG,29,MIN,10,10,36.1,7.4,15.7,0.471,1.7,4.5,0.378,5.7,11.2,0.509,0.525,4.8,6.1,0.787,1.6,3.6,5.2,4.3,2.4,1,1.4,1.8,21.3
74,Jimmy Butler,SG,29,PHI,14,14,31.4,7.1,14.4,0.493,1.5,3.4,0.447,5.6,11,0.506,0.545,4.1,4.6,0.877,1.9,3,4.9,2.9,1.8,0.6,1.5,1.9,19.7
75,Jose Calderon,PG,37,DET,21,0,11.9,0.9,2.8,0.328,0.2,1.3,0.148,0.7,1.5,0.484,0.362,0.2,0.3,0.714,0.1,0.9,1,2.1,0.6,0.1,0.6,1.3,2.2
76,Kentavious Caldwell-Pope,SG,25,LAL,30,3,21.7,2.9,7.1,0.407,1.5,4.2,0.36,1.4,3,0.472,0.512,1.9,2.1,0.905,0.5,1.9,2.4,0.8,0.8,0.2,0.5,1.4,9.2
77,Isaiah Canaan,PG,27,PHO,19,15,26.5,2.7,6.8,0.395,1.3,3.8,0.347,1.4,3,0.456,0.492,0.8,1.1,0.75,0.3,2.3,2.6,3.3,0.6,0,1.5,2.4,7.5
78,Clint Capela,C,24,HOU,28,28,33.7,7.8,12,0.648,0,0,,7.8,12,0.648,0.648,2.2,3.6,0.604,4.8,6.9,11.6,1.5,0.5,2,1.6,2.9,17.7
79,DeMarre Carroll,SF,32,BRK,20,0,22.8,2.6,7.5,0.347,1.3,4.2,0.301,1.4,3.4,0.403,0.43,2.5,3.1,0.82,1.1,4,5.1,0.9,0.5,0.1,1.2,1.5,9
80,Jevon Carter,G,23,MEM,1,0,22,5,9,0.556,1,5,0.2,4,4,1,0.611,0,0,,0,1,1,0,2,1,1,3,11
81,Vince Carter,SF,42,ATL,26,8,17.5,2.6,6.3,0.411,1.4,3.9,0.366,1.2,2.4,0.484,0.525,0.6,0.8,0.762,0.3,2,2.3,1,0.5,0.4,0.5,1.6,7.2
82,Wendell Carter,C,19,CHI,30,30,25.1,4.1,8.5,0.477,0.2,0.8,0.208,3.9,7.7,0.504,0.486,2.3,2.9,0.784,1.9,4.9,6.8,2,0.6,1.5,1.6,3.5,10.6
83,Michael Carter-Williams,PG,27,HOU,15,1,9.3,1.5,3.8,0.404,0.4,1.1,0.375,1.1,2.7,0.415,0.456,0.8,1.7,0.462,0.2,0.7,0.9,1.3,0.6,0.4,0.7,1.7,4.3
84,Omri Casspi,SF,30,MEM,23,0,12,1.8,3.3,0.532,0.3,0.9,0.333,1.5,2.4,0.607,0.578,0.9,1.6,0.583,0.3,2.6,2.9,0.8,0.4,0.2,0.5,0.9,4.8
85,Willie Cauley-Stein,C,25,SAC,29,29,28.6,6.1,11.4,0.538,0,0,1,6.1,11.4,0.536,0.539,1.9,3.6,0.524,2.4,6.1,8.5,2.4,1.2,0.6,1.3,3.3,14.2
86,Tyson Chandler,C,36,TOT,27,1,18.7,1.2,2.1,0.571,0,0,,1.2,2.1,0.571,0.571,1.1,1.7,0.644,2,4.9,6.9,0.7,0.5,0.3,0.9,2.6,3.4
86,Tyson Chandler,C,36,PHO,7,0,12.7,1.1,1.7,0.667,0,0,,1.1,1.7,0.667,0.667,1.4,2.6,0.556,1,4.6,5.6,0.9,0.3,0.1,1,3,3.7
86,Tyson Chandler,C,36,LAL,20,1,20.8,1.2,2.2,0.545,0,0,,1.2,2.2,0.545,0.545,1,1.4,0.704,2.4,5,7.4,0.6,0.6,0.4,0.9,2.5,3.4
87,Wilson Chandler,PF,31,PHI,19,15,25.4,2.5,5.4,0.456,1.1,2.8,0.377,1.4,2.6,0.54,0.553,0.2,0.4,0.429,1.4,3.3,4.7,1.9,0.4,0.5,1.2,2.6,6.2
88,Marquese Chriss,PF,21,HOU,9,0,5.9,0.9,2.3,0.381,0.1,1,0.111,0.8,1.3,0.583,0.405,0.2,0.3,0.667,0.3,0.8,1.1,0.3,0.1,0.2,0.6,1,2.1
89,Gary Clark,PF,24,HOU,22,0,16.9,1.1,3.8,0.289,0.9,3.5,0.263,0.2,0.3,0.571,0.41,0.3,0.3,1,0.5,2.3,2.9,0.5,0.5,0.8,0.1,1.2,3.4
90,Ian Clark,SG,27,NOP,25,0,14.1,1.5,4.2,0.352,0.6,2,0.286,0.9,2.2,0.411,0.419,0.4,0.4,0.9,0.2,1.4,1.5,1.3,0.2,0.1,0.8,1.4,3.9
91,Jordan Clarkson,SG,26,CLE,30,0,25.6,6.6,14.8,0.446,1.5,4.9,0.313,5.1,9.9,0.512,0.498,2,2.3,0.868,1.1,2.4,3.5,2.2,0.6,0.1,1.6,1.7,16.7
92,John Collins,PF,21,ATL,14,12,29.1,7.8,13.1,0.592,0.5,2.2,0.226,7.3,10.9,0.667,0.611,2.4,3.6,0.68,3.1,6.2,9.3,2.4,0.1,0.6,2.6,2.9,18.5
93,Zach Collins,C,21,POR,29,0,19.1,2.9,5.5,0.519,0.6,1.8,0.333,2.3,3.8,0.606,0.572,1.3,1.6,0.867,1.4,2.8,4.2,0.9,0.4,0.9,1.2,2.8,7.7
94,Darren Collison,PG,31,IND,30,30,27.8,3.3,7.6,0.437,0.8,2.3,0.362,2.5,5.3,0.469,0.491,1.5,2,0.767,0.5,2.2,2.7,5.8,1.5,0.1,1.5,1.9,9
95,Mike Conley,PG,31,MEM,29,29,34.1,6.8,16.3,0.419,2.1,6.1,0.339,4.8,10.2,0.468,0.483,4.7,5.6,0.84,0.5,2.8,3.3,6.5,1.2,0.4,1.8,1.9,20.4
96,Pat Connaughton,SG,26,MIL,23,1,19.2,2.4,5.8,0.414,1,3.6,0.293,1.3,2.2,0.608,0.504,0.6,0.9,0.7,1,3,4,2,0.5,0.6,0.4,1.2,6.4
97,Quinn Cook,PG,25,GSW,27,8,17.6,3.4,7.3,0.474,1.4,3.1,0.44,2.1,4.1,0.5,0.569,0.5,0.6,0.867,0.3,2.2,2.5,1.9,0.4,0.1,0.9,1.6,8.7
98,Robert Covington,SF,28,TOT,27,27,33.9,4.2,9.9,0.425,2.3,6.1,0.376,1.9,3.7,0.505,0.541,1.8,2.3,0.787,0.6,4.9,5.5,1,2.1,1.4,1.4,3.4,12.4
98,Robert Covington,SF,28,PHI,13,13,33.8,3.8,9,0.427,2.3,5.9,0.39,1.5,3.1,0.5,0.556,1.3,1.8,0.739,0.5,4.6,5.2,1.1,1.8,1.8,1.7,3.5,11.3
98,Robert Covington,SF,28,MIN,14,14,33.9,4.5,10.6,0.423,2.3,6.3,0.364,2.2,4.4,0.508,0.53,2.2,2.7,0.816,0.7,5.1,5.8,1,2.4,1,1.1,3.3,13.5
99,Allen Crabbe,SG,26,BRK,28,15,26.1,3,8.9,0.343,2.3,6,0.387,0.7,2.9,0.25,0.474,1.1,1.4,0.789,0.5,3,3.5,1.1,0.6,0.3,1.1,2.4,9.5
100,Torrey Craig,SF,28,DEN,24,18,19.1,2,4.8,0.405,0.6,2.3,0.25,1.4,2.5,0.55,0.466,0.3,0.6,0.571,1.3,2.2,3.5,0.8,0.5,0.5,0.8,2.3,4.8
101,Jamal Crawford,SG,38,PHO,26,0,16.8,2.3,6.3,0.36,0.9,2.9,0.303,1.4,3.4,0.409,0.43,1.5,1.8,0.826,0.1,1,1.1,2.9,0.4,0.2,1.4,1.3,6.9
102,Jae Crowder,SF,28,UTA,30,5,27.5,4,9.8,0.406,2,6,0.326,2,3.7,0.536,0.507,2,2.7,0.744,0.7,3.9,4.6,1.7,0.7,0.5,0.9,2.1,11.9
103,Dante Cunningham,PF,31,SAS,29,20,21.8,1.7,3.6,0.471,0.9,1.7,0.51,0.8,1.9,0.436,0.591,0.3,0.3,0.9,1.2,3.3,4.6,1.2,0.7,0.4,0.5,1.9,4.6
104,Seth Curry,SG,28,POR,23,1,16.7,1.7,4.3,0.394,1,2.2,0.48,0.7,2.1,0.306,0.515,0.2,0.2,1,0.3,1,1.3,0.8,0.2,0.1,0.8,1.3,4.7
105,Stephen Curry,PG,30,GSW,19,19,33.6,9.8,19.5,0.503,5.2,10.7,0.48,4.6,8.7,0.53,0.635,4.5,4.8,0.945,0.5,4.7,5.2,5.7,1.2,0.3,3.1,2.3,29.3
106,Troy Daniels,SG,27,PHO,13,0,15.8,2.4,5.7,0.419,1.8,4.5,0.397,0.6,1.2,0.5,0.574,0.5,0.6,0.875,0.3,1.2,1.5,0.6,0.7,0.1,0.9,1.5,7.1
107,Anthony Davis,C,25,NOP,27,27,37,10.1,20,0.503,0.9,2.6,0.324,9.2,17.4,0.53,0.524,7,8.6,0.819,3.3,9,12.4,4.7,1.7,2.8,2.3,2.6,28
108,Ed Davis,C,29,BRK,31,1,17.8,2.4,4,0.592,0,0.1,0,2.4,4,0.602,0.592,1,1.6,0.608,3.3,5.1,8.4,0.8,0.4,0.4,0.7,2.9,5.8
109,Tyler Davis,C,21,OKC,1,0,1,0,1,0,0,0,,0,1,0,0,0,0,,1,0,1,0,0,0,0,0,0
110,Dewayne Dedmon,C,29,ATL,23,12,23.3,3.3,7.3,0.449,0.8,2.5,0.31,2.5,4.7,0.523,0.503,1.2,1.4,0.875,1.4,5.8,7.2,1,1.2,1.1,1.1,3.2,8.5
111,Sam Dekker,PF-SF,24,TOT,13,5,17.2,2.7,5.5,0.486,0.4,1.4,0.278,2.3,4.2,0.556,0.521,0.7,0.9,0.75,0.9,2.5,3.4,1.2,1.4,0.1,0.6,1.2,6.5
111,Sam Dekker,PF,24,CLE,9,5,18.8,2.4,5.3,0.458,0.6,1.4,0.385,1.9,3.9,0.486,0.51,0.9,1.1,0.8,1,2.7,3.7,1,1.2,0,0.6,1.4,6.3
111,Sam Dekker,SF,24,WAS,4,0,13.5,3.3,6,0.542,0,1.3,0,3.3,4.8,0.684,0.542,0.3,0.5,0.5,0.8,2,2.8,1.5,1.8,0.3,0.8,0.5,6.8
112,Matthew Dellavedova,PG,28,TOT,16,0,11.4,1.4,3.1,0.46,0.8,1.8,0.464,0.6,1.4,0.455,0.59,0.6,0.6,1,0,1.3,1.3,3,0.3,0,1,1.1,4.3
112,Matthew Dellavedova,PG,28,MIL,12,0,8.1,0.5,1.6,0.316,0.3,0.9,0.364,0.2,0.7,0.25,0.421,0.3,0.3,1,0,0.8,0.8,2.4,0.2,0,0.9,0.8,1.7
112,Matthew Dellavedova,PG,28,CLE,4,0,21.5,4.3,7.8,0.548,2.3,4.3,0.529,2,3.5,0.571,0.694,1.5,1.5,1,0,2.8,2.8,4.8,0.8,0,1.3,2,12.3
113,Luol Deng,SF,33,MIN,3,0,8.7,1.3,4,0.333,0,1.7,0,1.3,2.3,0.571,0.333,0.7,1,0.667,1.7,2,3.7,0.3,0.3,0.3,0.3,0.7,3.3
114,DeMar DeRozan,SG,29,SAS,30,30,35.3,8.9,18.9,0.473,0.2,1.2,0.162,8.7,17.6,0.495,0.479,5.6,6.5,0.852,0.8,4.8,5.5,6.1,0.9,0.5,2.5,2.2,23.6
115,Marcus Derrickson,SF,22,GSW,4,0,4.8,0.5,1.5,0.333,0.3,0.8,0.333,0.3,0.8,0.333,0.417,0,0,,0,0.5,0.5,0,0,0,0.5,1.3,1.3
116,Cheick Diallo,PF,22,NOP,24,0,10,1.5,2.7,0.563,0,0,0,1.5,2.6,0.571,0.563,0.7,0.8,0.8,1,2.8,3.7,0.3,0.5,0.5,0.7,1.4,3.7
117,Hamidou Diallo,SG,20,OKC,22,2,12.6,2.2,4.5,0.49,0.2,0.7,0.25,2,3.8,0.536,0.51,1,1.5,0.667,1,1.2,2.3,0.5,0.6,0.2,0.5,1.9,5.6
118,Gorgui Dieng,C,29,MIN,29,0,13.5,2,4.3,0.456,0.2,0.7,0.238,1.8,3.6,0.5,0.476,1.1,1.3,0.846,0.8,3.2,3.9,0.8,0.4,0.7,0.8,1.8,5.2
119,Spencer Dinwiddie,PG,25,BRK,31,3,28.6,5.7,12.1,0.475,1.9,5.3,0.364,3.8,6.8,0.562,0.555,3.7,4.7,0.789,0.5,2,2.5,5,0.6,0.3,2.1,3,17.2
120,Donte DiVincenzo,SG,22,MIL,20,0,17.2,2.1,5.2,0.404,0.9,3.4,0.254,1.3,1.9,0.676,0.486,0.5,0.6,0.818,0.7,2.1,2.8,1.3,0.6,0.2,0.8,1.7,5.5
121,Luka Doncic,PF,19,DAL,27,27,32.4,6.1,14.1,0.435,2.1,5.9,0.358,4,8.3,0.489,0.509,3.8,4.9,0.767,1,5.7,6.7,4.6,1.1,0.3,3.6,2.1,18.2
122,Tyler Dorsey,SG,22,ATL,16,0,10.8,1.4,4,0.359,0.3,1.5,0.208,1.1,2.5,0.45,0.398,0.8,1.3,0.571,0.4,1.6,1.9,0.9,0.3,0,0.5,0.8,3.9
123,Damyean Dotson,SG,24,NYK,23,9,26.4,4.4,9.6,0.464,1.5,4.1,0.372,2.9,5.5,0.532,0.543,0.7,1,0.696,0.8,3.3,4.1,1,0.9,0.2,0.8,1.8,11.1
124,PJ Dozier,PG,22,BOS,2,0,4,1.5,3,0.5,0.5,1,0.5,1,2,0.5,0.583,0,0,,1,1,2,0,0,0,0,0.5,3.5
125,Goran Dragic,PG,32,MIA,14,14,29.1,5.5,13.4,0.41,1.6,5,0.314,3.9,8.4,0.466,0.468,2.7,3.6,0.76,0.6,2.5,3.1,4.9,0.7,0.3,2.5,2.1,15.3
126,Andre Drummond,C,25,DET,27,27,33,7.6,15.1,0.506,0.1,0.7,0.15,7.5,14.3,0.525,0.51,2.9,5.6,0.52,5.8,9.7,15.6,1.2,1.4,2,2.4,3.5,18.3
127,Jared Dudley,PF,33,BRK,31,20,21.1,1.7,4.3,0.398,0.8,2.7,0.31,0.9,1.6,0.551,0.496,0.6,0.8,0.72,0.7,2,2.6,1.4,0.6,0.3,0.8,2.6,4.8
128,Kris Dunn,PG,24,CHI,4,2,28,5,10.5,0.476,0.5,2.3,0.222,4.5,8.3,0.545,0.5,1.3,1.3,1,0.3,4.3,4.5,4.5,0.8,0,2.8,4.8,11.8
129,Kevin Durant,PF,30,GSW,30,30,35.7,10.1,19.8,0.511,1.7,4.8,0.359,8.4,14.9,0.56,0.555,7.1,7.6,0.93,0.5,7.2,7.7,6.2,0.9,1,3.5,2,29
130,Vince Edwards,SF,22,HOU,1,0,4,1,2,0.5,1,2,0.5,0,0,,0.75,0,0,,1,0,1,0,0,0,0,0,3
131,Henry Ellenson,PF,22,DET,2,0,12.5,2,5,0.4,1,2,0.5,1,3,0.333,0.5,1,1,1,0,4.5,4.5,0.5,0,0,0,1,6
132,Wayne Ellington,SG,31,MIA,18,10,24.7,3,8.3,0.362,2.6,6.9,0.371,0.4,1.4,0.32,0.517,0.6,0.7,0.846,0.3,2,2.3,1.5,1.2,0.2,0.7,1.8,9.2
133,Joel Embiid,C,24,PHI,30,30,34.2,8.8,18.5,0.476,1.2,4,0.289,7.6,14.5,0.528,0.507,8.1,10.2,0.792,2.4,11,13.4,3.6,0.5,1.9,3.3,3.4,26.9
134,James Ennis,SF,28,HOU,23,22,25.2,2.9,6,0.489,1.3,3.5,0.363,1.7,2.5,0.667,0.595,1,1.3,0.71,1,1.8,2.7,0.6,0.9,0.4,0.6,3.3,8
135,Drew Eubanks,PF,21,SAS,4,0,3.3,0.8,1.3,0.6,0,0,,0.8,1.3,0.6,0.6,0.5,0.5,1,0.3,0,0.3,0,0,0,0.5,0,2
136,Jacob Evans,SG,21,GSW,18,0,4.6,0.2,1,0.222,0.1,0.2,0.25,0.2,0.8,0.214,0.25,0,0.1,0,0.1,0.3,0.4,0.6,0.1,0.1,0.2,0.6,0.5
137,Jawun Evans,PG,22,PHO,3,0,14.3,0.7,3.3,0.2,0,0.7,0,0.7,2.7,0.25,0.2,0,0,,0.3,3,3.3,2.3,0.7,0,1.3,2,1.3
138,Tyreke Evans,SG,29,IND,28,11,21.9,3.7,10,0.367,1.3,3.7,0.346,2.4,6.3,0.379,0.431,2,2.5,0.786,0.6,2.5,3,2.4,1.4,0.3,2.1,1.9,10.6
139,Dante Exum,PG,23,UTA,29,0,15.8,2.2,5.4,0.408,0.4,1.5,0.295,1.8,3.9,0.451,0.449,1.9,2.5,0.75,0.3,1.3,1.6,2.1,0.3,0.1,1.3,1.7,6.7
140,Kenneth Faried,PF,29,BRK,9,0,5.6,1.2,1.6,0.786,0,0,,1.2,1.6,0.786,0.786,0.3,0.8,0.429,0.8,1.1,1.9,0.1,0.1,0.1,0.4,0.3,2.8
141,Derrick Favors,C,27,UTA,29,25,23.1,4.5,7.4,0.606,0.3,0.9,0.296,4.2,6.5,0.651,0.625,1.9,3,0.64,2.9,4.2,7.1,0.9,0.8,1.3,1.2,2.3,11.2
142,Cristiano Felicio,C,26,CHI,20,0,12.2,1.4,2.4,0.563,0,0.1,0,1.4,2.4,0.574,0.563,0.7,1,0.737,1,2.6,3.5,0.5,0.2,0.1,0.7,1.1,3.4
143,Raymond Felton,PG,34,OKC,13,0,11,1.9,5.5,0.352,0.4,2.2,0.179,1.5,3.3,0.465,0.387,0.6,0.7,0.889,0.2,1.3,1.5,1.8,0.5,0.3,0.8,0.8,4.8
144,Terrance Ferguson,SG,20,OKC,22,22,21.5,1.5,4,0.391,0.8,2.5,0.304,0.8,1.4,0.548,0.489,0.3,0.5,0.6,0.5,1.4,1.9,0.8,0.5,0.2,0.7,2.7,4.1
145,Yogi Ferrell,SG,25,SAC,19,2,12.6,1.8,4.4,0.41,0.7,2,0.368,1.1,2.4,0.444,0.494,0.9,0.9,1,0.1,1.3,1.4,1.3,0.4,0.1,0.5,0.8,5.3
146,Dorian Finney-Smith,SF,25,DAL,28,11,26.4,3.1,6.6,0.473,1.3,3.4,0.389,1.8,3.3,0.56,0.573,1,1.6,0.644,1.8,2.8,4.5,0.8,1.1,0.6,0.9,2.9,8.6
147,Bryn Forbes,PG,25,SAS,30,30,26.9,4.4,9.9,0.448,2,4.9,0.415,2.4,5,0.48,0.551,0.9,1,0.839,0.2,2.1,2.3,2.2,0.6,0,1.2,2.4,11.8
148,Evan Fournier,SG,26,ORL,28,28,30.5,5.8,13.9,0.42,1.9,6.3,0.309,3.9,7.6,0.512,0.49,1.6,2.1,0.767,0.4,2.7,3.1,3.7,1,0.3,2,3,15.2
149,De'Aaron Fox,PG,21,SAC,29,29,32.4,6.6,13.6,0.482,1.2,3.1,0.396,5.3,10.4,0.508,0.528,4.1,5.7,0.732,0.5,3.1,3.6,7.5,1.6,0.6,3.2,2.5,18.5
150,Melvin Frazier,SG,22,ORL,3,0,5.3,0,1,0,0,0.3,0,0,0.7,0,0,0,0,,0,0.3,0.3,0,0.3,0,0.3,1,0
151,Tim Frazier,PG,28,NOP,22,12,19.9,1.7,3.8,0.446,0.7,1.8,0.385,1,2,0.5,0.536,0.5,0.7,0.733,0.7,2,2.6,4.7,0.6,0,1.4,2,4.5
152,Channing Frye,C,35,CLE,11,3,7.9,0.9,2,0.455,0.8,1.5,0.563,0.1,0.5,0.167,0.659,0.3,0.3,1,0.1,1.8,1.9,0.3,0.2,0.1,0.5,0.9,2.9
153,Markelle Fultz,SG,20,PHI,19,15,22.5,3.4,8.2,0.419,0.2,0.7,0.286,3.2,7.4,0.433,0.432,1.1,1.9,0.568,1.4,2.3,3.7,3.1,0.9,0.3,1.3,2.7,8.2
154,Danilo Gallinari,SF,30,LAC,28,28,31.5,5.6,12.8,0.443,2.4,5.3,0.456,3.3,7.5,0.433,0.536,5.3,5.8,0.914,1,5.1,6,2.2,0.7,0.3,1.3,2,19
155,Langston Galloway,SG,27,DET,26,1,25.4,3.3,8.1,0.403,1.8,5.3,0.343,1.5,2.8,0.514,0.514,1.1,1.5,0.763,0.7,2,2.7,1.3,0.5,0.1,0.5,2,9.5
156,Marc Gasol,C,34,MEM,29,29,34.7,5.8,13,0.447,1.7,4.3,0.387,4.2,8.8,0.476,0.511,3,4.1,0.739,1.1,7.6,8.7,4.1,1.4,1.4,2,2.8,16.3
157,Pau Gasol,C,38,SAS,9,0,17.4,2.4,4.8,0.512,0.4,0.8,0.571,2,4,0.5,0.558,1.4,2,0.722,1.2,4.9,6.1,3.3,0.1,1,0.8,1.8,6.8
158,Rudy Gay,SF,32,SAS,26,23,27.2,5.5,10.5,0.522,1.2,2.6,0.478,4.3,8,0.536,0.58,1.8,2.1,0.855,1.2,5.6,6.8,2.2,0.9,0.7,1.7,2.7,14
159,Paul George,SF,28,OKC,28,28,35.1,8.5,19.3,0.443,3.3,8.7,0.377,5.3,10.6,0.497,0.528,4.6,5.5,0.826,1.4,6.4,7.8,4.3,2.1,0.8,2.8,2.9,24.9
160,Taj Gibson,PF,33,MIN,28,28,25.6,4.2,8,0.522,0.4,0.9,0.417,3.8,7.1,0.535,0.545,1.7,2.5,0.686,2.8,4,6.9,1.4,1,0.5,1,2.5,10.4
161,Harry Giles,PF,20,SAC,20,0,9.5,2.2,4.7,0.468,0,0.1,0,2.2,4.6,0.478,0.468,0.5,1.1,0.476,1,1.9,2.8,1.2,0.6,0.2,1,2.2,4.9
162,Shai Gilgeous-Alexander,PG,20,LAC,29,20,27.2,3.9,8.2,0.479,0.5,1.4,0.366,3.4,6.8,0.503,0.511,2,2.6,0.797,0.9,2.3,3.2,2.9,1,0.7,1.9,1.8,10.4
163,Rudy Gobert,C,26,UTA,30,30,30.9,5.5,8.2,0.673,0,0,,5.5,8.2,0.673,0.673,3.3,5.6,0.599,3.6,8.7,12.3,1.9,0.9,1.9,1.4,2.8,14.3
164,Aaron Gordon,PF,23,ORL,27,27,32.6,6.1,13.3,0.458,1.7,4.5,0.38,4.4,8.9,0.498,0.522,1.8,2.6,0.686,1.8,5.4,7.2,3,0.9,0.8,1.9,2.4,15.7
165,Eric Gordon,SG,30,HOU,25,11,32.7,5.3,14.3,0.37,2.4,8.3,0.288,2.9,6,0.483,0.454,2.1,2.7,0.791,0.4,1.8,2.2,1.8,0.5,0.4,1.3,2,15.1
166,Marcin Gortat,C,34,LAC,23,23,17.9,2.1,4.1,0.516,0,0,,2.1,4.1,0.516,0.516,1.1,1.3,0.806,1.3,4.5,5.8,1.7,0.1,0.6,1.1,2.2,5.3
167,Devonte' Graham,PG,23,CHO,12,0,8.9,1.1,2.8,0.394,0.3,1.5,0.222,0.8,1.3,0.6,0.455,0.1,0.1,1,0,0.8,0.8,1.6,0.3,0,0.5,0.6,2.6
168,Treveon Graham,SG,25,BRK,2,0,13.5,0,1.5,0,0,1,0,0,0.5,0,0,0,0,,0.5,1.5,2,0.5,0.5,0,1,2.5,0
169,Jerami Grant,PF,24,OKC,28,25,30.3,4.4,8.6,0.508,1.2,3.2,0.371,3.2,5.4,0.589,0.577,1.9,2.8,0.671,0.9,3.8,4.7,1.1,0.8,1.3,1,2.5,11.8
170,Jerian Grant,PG,26,ORL,29,0,19.4,1.6,4.1,0.381,0.7,2,0.345,0.9,2.1,0.417,0.466,0.3,0.6,0.556,0.4,1.6,2,3.3,1.1,0.1,1.2,1.8,4.1
171,Danny Green,SG,31,TOR,32,32,29.9,3.6,8,0.451,2.3,5.5,0.423,1.3,2.5,0.513,0.596,0.3,0.3,0.909,1,3.3,4.2,1.3,0.9,0.8,1,2.4,9.8
172,Draymond Green,PF,28,GSW,16,16,30.1,2.6,6.1,0.423,0.4,2.1,0.206,2.1,3.9,0.54,0.459,0.8,1.1,0.667,0.8,7.1,7.9,7.3,1.7,0.9,3.4,3.1,6.3
173,Gerald Green,SG,33,HOU,24,0,17.3,2.7,6.4,0.422,1.7,4.9,0.35,1,1.5,0.649,0.555,0.4,0.5,0.833,0.6,1.9,2.5,0.5,0.3,0.2,0.6,1.8,7.5
174,JaMychal Green,PF,28,MEM,17,2,23.4,4.4,8.6,0.51,0.9,2.2,0.395,3.5,6.4,0.55,0.561,1.5,1.9,0.788,2.2,4.6,6.8,0.7,1,0.6,1.7,2.9,11.2
175,Jeff Green,PF,32,WAS,28,5,25.1,3.9,7.7,0.509,1.2,3.1,0.391,2.7,4.6,0.589,0.588,1.8,2,0.893,1.3,3.5,4.8,1.2,0.6,0.5,1.2,2,10.9
176,Blake Griffin,PF,29,DET,26,26,35.7,8.7,18.3,0.472,2.3,6.2,0.369,6.4,12.2,0.524,0.534,6.1,8.3,0.735,1.4,7.7,9.1,5,0.7,0.5,3.7,2.8,25.7
177,Daniel Hamilton,SG,23,ATL,4,0,8,0.8,2.3,0.333,0.5,1,0.5,0.3,1.3,0.2,0.444,0.3,0.5,0.5,0,1,1,0.8,0.3,0,0.5,0.8,2.3
178,Tim Hardaway,SG,26,NYK,30,30,33.5,6.8,17.3,0.395,2.9,8,0.358,4,9.3,0.427,0.478,4.5,5.3,0.854,0.5,2.6,3.1,2.9,1,0.2,2,2.5,21
179,James Harden,SG,29,HOU,25,25,36.1,9.2,20.4,0.454,4.1,11,0.372,5.2,9.4,0.549,0.554,8.3,9.9,0.839,0.6,5.2,5.8,8.3,2,0.5,5.6,3.4,30.9
180,Maurice Harkless,SF,25,POR,16,9,19.1,1.9,4.5,0.431,0.6,1.8,0.31,1.4,2.7,0.512,0.493,0.2,0.3,0.75,0.6,2.9,3.5,0.8,0.7,0.9,0.6,2.4,4.6
181,Montrezl Harrell,C,25,LAC,29,0,25.3,5.8,9.2,0.632,0,0.1,0.5,5.8,9.1,0.633,0.633,3.5,5.9,0.6,2.3,4.3,6.7,1.6,0.9,1.6,1.4,2.8,15.1
182,Devin Harris,PG,35,DAL,18,0,15.6,1.9,4.9,0.382,0.9,3.1,0.291,1,1.9,0.529,0.472,1.8,2.3,0.78,0.1,1.7,1.8,1.5,1,0.3,0.8,1.5,6.4
183,Gary Harris,SG,24,DEN,21,21,32.3,6.2,14.1,0.438,1.7,5.3,0.324,4.5,8.9,0.505,0.498,2.5,3.2,0.791,0.7,2.5,3.2,2.9,1.2,0.4,1.2,2.2,16.6
184,Joe Harris,SG,27,BRK,28,28,29.5,4.7,9.6,0.493,2.3,5.1,0.455,2.4,4.5,0.536,0.614,1.4,1.7,0.813,0.7,2.8,3.5,2.5,0.6,0.2,1.4,3,13.1
185,Tobias Harris,PF,26,LAC,29,29,34.7,8,15.8,0.504,1.9,4.8,0.399,6.1,11,0.55,0.564,3.1,3.5,0.873,0.7,7.4,8.1,2.2,0.6,0.4,2,2.1,20.9
186,Andrew Harrison,SG-PG,24,TOT,15,0,11.8,1.1,3.3,0.32,0.3,1.5,0.227,0.7,1.9,0.393,0.37,1.1,1.2,0.944,0.3,0.9,1.2,1.5,0.3,0.1,0.7,2.2,3.6
186,Andrew Harrison,PG,24,MEM,1,0,5,1,2,0.5,0,1,0,1,1,1,0.5,0,0,,0,0,0,0,0,0,0,1,2
186,Andrew Harrison,SG,24,CLE,10,0,14.4,1.2,3.9,0.308,0.3,1.4,0.214,0.9,2.5,0.36,0.346,1.6,1.6,1,0.4,1.1,1.5,1.7,0.4,0.2,1,2.6,4.3
186,Andrew Harrison,SG,24,NOP,4,0,7,0.8,2.3,0.333,0.5,1.8,0.286,0.3,0.5,0.5,0.444,0.3,0.5,0.5,0.3,0.5,0.8,1.5,0,0,0,1.5,2.3
187,Shaquille Harrison,PG,25,CHI,21,0,16,2,5,0.404,0.3,1.4,0.241,1.7,3.6,0.467,0.438,1.2,1.9,0.625,0.3,2.3,2.6,1.7,1.5,0.3,0.8,1.3,5.5
188,Josh Hart,SG,23,LAL,30,9,25.2,3.2,7.3,0.441,1.7,4.5,0.378,1.5,2.8,0.541,0.557,0.9,1.3,0.65,0.5,2.7,3.2,1.1,1,0.7,0.8,2.4,9
189,Isaiah Hartenstein,PF,20,HOU,21,0,8.2,0.8,1.6,0.485,0.1,0.2,0.4,0.7,1.3,0.5,0.515,0.5,0.7,0.786,0.8,0.8,1.6,0.5,0.2,0.4,0.6,2,2.1
190,Udonis Haslem,C,38,MIA,3,0,4.7,0.7,2,0.333,0,0.7,0,0.7,1.3,0.5,0.333,0,0,,0.3,1.3,1.7,0,0,0,0.7,1,1.3
191,Gordon Hayward,SF,28,BOS,25,15,26.4,3.8,9.2,0.416,1.3,3.8,0.34,2.6,5.5,0.467,0.485,2,2.2,0.891,1,4.2,5.2,3.6,1.1,0.2,1.4,1.4,10.9
192,John Henson,C,28,MIL,14,0,13.4,2.2,4.8,0.463,0.8,2.2,0.355,1.4,2.6,0.556,0.545,0.4,0.7,0.6,1.1,3.9,5.1,1,0.5,0.8,0.9,1.1,5.6
193,Juan Hernangomez,PF,23,DEN,28,17,27.5,3.3,6.9,0.482,1.6,3.9,0.422,1.7,3,0.56,0.601,1.5,1.9,0.796,1.6,4,5.6,1,0.5,0.5,0.8,1.9,9.8
194,Willy Hernangomez,C,24,CHO,21,1,12.7,2.6,4.7,0.551,0.6,1,0.571,2,3.7,0.545,0.612,1.6,2.1,0.756,1.7,2.8,4.5,0.8,0.4,0.4,0.9,1.8,7.3
195,Mario Hezonja,SF,23,NYK,29,11,18.1,2.8,7.4,0.375,0.8,2.7,0.291,2,4.7,0.423,0.428,0.7,1.1,0.636,0.3,2.9,3.2,1,0.7,0.1,1.2,1.7,7.1
196,Buddy Hield,SG,25,SAC,29,29,31.1,7.4,15.4,0.48,2.8,6.7,0.425,4.6,8.8,0.522,0.571,1.6,1.9,0.836,1.1,4,5.1,2.5,0.4,0.4,2.1,2.4,19.2
197,Nene Hilario,C,36,HOU,7,0,14.4,2.3,4.1,0.552,0,0.3,0,2.3,3.9,0.593,0.552,0.7,0.7,1,1,2.3,3.3,0.9,0.3,0.4,0.3,3,5.3
198,George Hill,PG,32,TOT,16,13,25.2,3.7,7.5,0.492,0.8,2.1,0.382,2.9,5.4,0.535,0.546,1.1,1.3,0.81,0.9,1.3,2.2,2.5,0.9,0.1,1.3,2.4,9.3
198,George Hill,PG,32,CLE,13,13,26.5,4.2,8.2,0.514,1,2.2,0.464,3.2,6.1,0.532,0.575,1.3,1.5,0.85,0.9,1.2,2.1,2.8,0.9,0.1,1.5,2.7,10.8
198,George Hill,PG,32,MIL,3,0,19.7,1.3,4.3,0.308,0,2,0,1.3,2.3,0.571,0.308,0,0.3,0,0.7,2,2.7,1.3,1,0.3,0.3,1.3,2.7
199,Solomon Hill,SF,27,NOP,19,7,21.9,1.6,3.9,0.405,0.7,2.2,0.341,0.8,1.7,0.485,0.5,0.5,0.7,0.643,0.9,2.5,3.5,1.3,0.6,0.3,0.8,1.6,4.4
200,Aaron Holiday,PG,22,IND,18,0,12.7,2.2,5.4,0.408,0.7,2.8,0.24,1.6,2.7,0.583,0.469,0.9,1.1,0.842,0.1,1.9,2.1,1.4,0.6,0.3,0.7,1.3,6
201,Jrue Holiday,SG,28,NOP,31,31,36.7,7.9,16.7,0.472,1.5,5,0.305,6.4,11.7,0.543,0.517,3.3,4.3,0.767,1.1,3.1,4.3,8.7,1.8,0.7,3.8,2.6,20.5
202,Justin Holiday,SG,29,CHI,30,30,35.2,4.3,10.7,0.403,2.9,7.5,0.381,1.4,3.1,0.457,0.538,1,1.1,0.882,0.5,4,4.5,2.4,1.8,0.5,1.2,2.1,12.5
203,John Holland,SF,30,CLE,1,0,1,0,0,,0,0,,0,0,,,0,0,,0,0,0,0,0,0,0,0,0
204,Rondae Hollis-Jefferson,SF,24,BRK,27,12,24.1,3.8,9.1,0.417,0.3,0.9,0.28,3.6,8.2,0.432,0.431,2.3,3.5,0.642,1.4,4.4,5.9,1.8,0.9,0.4,1.2,1.9,10.1
205,Richaun Holmes,C,25,PHO,29,1,15,3,4.5,0.662,0,0,,3,4.5,0.662,0.662,1.2,1.9,0.636,1.7,2.8,4.5,0.6,0.6,1.1,1,2.6,7.1
206,Rodney Hood,SG,26,CLE,29,29,28,4.8,10.7,0.444,1.3,3.4,0.38,3.4,7.3,0.474,0.505,2.2,2.4,0.9,0.3,2.1,2.4,2.1,0.8,0.1,0.9,2.5,13
207,Al Horford,C,32,BOS,22,22,30,5.1,10.4,0.491,1.3,3.7,0.341,3.8,6.6,0.575,0.553,1,1.4,0.7,1.5,4.8,6.4,3.4,0.8,1.7,1.5,1.9,12.4
208,Danuel House,SF,25,HOU,10,0,20.6,2.4,5.6,0.429,1,3.5,0.286,1.4,2.1,0.667,0.518,1.8,2.4,0.75,0.8,2.1,2.9,0.7,0.4,0.1,0.6,2,7.6
209,Dwight Howard,C,33,WAS,9,9,25.6,4.8,7.7,0.623,0,0,,4.8,7.7,0.623,0.623,3.2,5.3,0.604,2.7,6.6,9.2,0.4,0.8,0.4,1.8,3.8,12.8
210,Kevin Huerter,SG,20,ATL,28,12,22.6,2.5,5.9,0.433,1.4,3.3,0.419,1.1,2.5,0.451,0.552,0.5,0.7,0.75,0.8,2.3,3.1,2.2,0.8,0.4,1.3,1.8,7
211,Chandler Hutchison,SF,22,CHI,25,3,17.2,1.6,3.8,0.417,0.2,1,0.25,1.4,2.9,0.472,0.448,0.6,1.1,0.556,0.6,3.2,3.8,0.7,0.5,0.2,0.7,1.3,4
212,Serge Ibaka,C,29,TOR,31,22,27.9,6.9,12.5,0.552,0.7,2.6,0.288,6.2,9.9,0.62,0.581,2.2,2.6,0.84,2.1,5.4,7.5,1.3,0.5,1.4,1.7,3.1,16.7
213,Andre Iguodala,SF,35,GSW,25,11,23.4,1.8,4,0.46,0.6,1.7,0.333,1.3,2.3,0.552,0.53,0.6,1,0.625,0.7,2.5,3.2,3,0.8,0.6,1,1.4,4.8
214,Ersan Ilyasova,PF,31,MIL,24,2,19.9,2.7,6.2,0.43,1,2.7,0.359,1.7,3.5,0.482,0.507,1.2,1.3,0.875,1.6,3.9,5.5,1.2,0.5,0.3,0.9,2.8,7.5
215,Joe Ingles,SF,31,UTA,30,30,31.4,4.4,9.9,0.441,2.1,5.6,0.381,2.2,4.3,0.519,0.549,1.1,1.6,0.673,0.3,3.6,3.9,4.6,1.7,0.2,2.2,2.4,12
216,Brandon Ingram,SG,21,LAL,20,20,30.8,5.9,12.6,0.47,0.6,1.7,0.324,5.4,10.9,0.493,0.492,2.9,4.6,0.626,0.7,3.3,4,2.2,0.7,0.7,2.3,2.8,15.2
217,Kyrie Irving,PG,26,BOS,27,27,31.7,8.6,17.9,0.481,2.7,6.7,0.4,6,11.3,0.53,0.556,2.7,3.3,0.831,1.1,3.6,4.8,6.3,1.7,0.4,2.7,2.4,22.7
218,Jonathan Isaac,SF,21,ORL,23,12,23.9,2.8,6.7,0.422,0.6,2.3,0.259,2.2,4.3,0.51,0.468,1.7,2.1,0.816,1,4.1,5.1,0.9,0.8,1.3,1.2,2.2,8
219,Wesley Iwundu,SF,24,ORL,20,12,16.8,1.5,4,0.375,0.4,1.1,0.318,1.2,2.9,0.397,0.419,1.1,1.4,0.778,0.4,1.6,2,1,0.3,0.2,0.6,1.6,4.4
220,Demetrius Jackson,PG,24,PHI,1,0,6,1,1,1,0,0,,1,1,1,1,0,0,,0,0,0,0,1,0,1,0,2
221,Frank Jackson,PG,20,NOP,17,0,12,1.5,4.1,0.377,0.5,1.7,0.31,1,2.4,0.425,0.442,0.6,0.9,0.688,0.1,0.5,0.6,0.5,0.1,0,0.6,1.5,4.2
222,Jaren Jackson,C,19,MEM,29,27,25.3,4.9,9.5,0.516,0.8,2.5,0.333,4.1,7,0.581,0.56,2.4,3.1,0.767,1.2,3.4,4.6,1.2,1,1.8,1.6,3.8,13
223,Josh Jackson,SG,21,PHO,30,9,21.3,3.4,9,0.375,0.7,2.4,0.282,2.7,6.6,0.409,0.413,1.4,2.2,0.652,0.6,3,3.6,2.2,1,0.6,2.5,2.3,8.8
224,Justin Jackson,SF,23,SAC,28,2,20.1,2.5,5.6,0.449,1,2.9,0.346,1.5,2.7,0.56,0.538,0.7,0.9,0.731,0.4,2.1,2.5,1.4,0.4,0.2,0.4,1.2,6.7
225,Reggie Jackson,PG,28,DET,27,27,28.4,5,12.7,0.397,2,6,0.331,3,6.7,0.456,0.475,3.1,3.6,0.866,0.6,2,2.6,4.3,0.8,0.1,1.9,3.1,15.2
226,LeBron James,PF,34,LAL,30,30,34.7,10.2,19.6,0.519,2.1,5.8,0.37,8,13.8,0.581,0.573,5.2,7.7,0.683,0.9,6.8,7.7,7,1.3,0.7,3.4,1.6,27.7
227,Jonas Jerebko,PF,31,GSW,30,5,20.5,2.6,5.4,0.475,1.1,3,0.371,1.5,2.4,0.603,0.577,1.1,1.4,0.805,1.3,4.1,5.4,1.8,0.4,0.2,0.9,2.6,7.3
228,Alize Johnson,PF,22,IND,4,0,3,0.3,0.8,0.333,0,0,,0.3,0.8,0.333,0.333,0,0.5,0,0,1,1,0,0,0.3,0,0.8,0.5
229,Amir Johnson,C,31,PHI,28,1,10,1.5,2.8,0.538,0.2,0.5,0.4,1.3,2.3,0.571,0.577,0.6,0.8,0.783,0.8,2,2.8,1.2,0.3,0.3,1,2.1,3.9
230,James Johnson,PF,31,MIA,14,12,20,2.9,7.5,0.381,0.8,2.9,0.268,2.1,4.6,0.453,0.433,1.1,1.4,0.8,0.5,2.5,3,2.3,0.5,0.4,1.4,2.4,7.6
231,Stanley Johnson,SF,22,DET,23,7,22.6,3.5,8.8,0.399,1.3,4.5,0.282,2.3,4.3,0.52,0.47,1,1.3,0.793,0.9,3.4,4.3,1.3,1,0.2,1.4,2,9.3
232,Tyler Johnson,PG,26,MIA,22,2,25.2,4,9.1,0.433,1.5,4.2,0.37,2.4,5,0.486,0.517,1.5,2.1,0.723,0.5,2.5,3,2.3,0.9,0.5,1.4,2,11
233,Wesley Johnson,SF,31,NOP,21,13,16.7,1.5,3.6,0.421,0.9,2.1,0.432,0.6,1.5,0.406,0.546,0.2,0.3,0.833,0.5,2,2.5,0.8,0.4,0.3,0.6,2,4.2
234,Nikola Jokic,C,23,DEN,29,29,30.8,6.4,13.3,0.483,1,3.4,0.296,5.4,10,0.547,0.521,3.8,4.5,0.838,2.6,7.4,9.9,7.5,1.4,0.7,2.9,2.9,17.7
235,Damian Jones,C,23,GSW,24,22,17.1,2.2,3.1,0.716,0,0,,2.2,3.1,0.716,0.716,1,1.5,0.649,1.3,1.8,3.1,1.2,0.5,1,0.7,2.6,5.4
236,Derrick Jones,SF,21,MIA,19,4,16.7,2.4,5.2,0.459,0.4,1.3,0.32,1.9,3.8,0.507,0.5,0.9,1.6,0.567,1.7,2.6,4.3,0.5,0.8,0.7,0.6,1.9,6.1
237,Jalen Jones,SF,25,CLE,6,0,8.3,1,2.3,0.429,0.7,1.2,0.571,0.3,1.2,0.286,0.571,0.5,0.7,0.75,0.2,1.5,1.7,0.3,0.2,0.2,0.2,1,3.2
238,Tyus Jones,PG,22,MIN,28,2,17.7,1.5,4.5,0.323,0.5,1.8,0.275,1,2.7,0.355,0.378,0.5,0.6,0.722,0.3,1.4,1.6,2.8,1.1,0,0.5,0.9,3.9
239,DeAndre Jordan,C,30,DAL,28,28,31.4,4.1,6.6,0.62,0,0,,4.1,6.6,0.62,0.62,2.9,3.8,0.748,3,10.9,13.9,2.1,0.6,1,2.4,2.4,11
240,Cory Joseph,PG,27,IND,30,0,26.2,3.2,6.9,0.457,0.9,2.3,0.391,2.3,4.6,0.489,0.522,0.3,0.5,0.5,0.4,3.2,3.6,3.9,1.3,0.2,1.2,1.6,7.5
241,Frank Kaminsky,PF,25,CHO,18,0,12.6,2.2,4.6,0.488,0.7,2,0.333,1.6,2.6,0.609,0.561,1.1,1.6,0.69,0.7,1.9,2.6,1.1,0.2,0.3,0.8,1.3,6.2
242,Enes Kanter,C,26,NYK,31,19,27.3,6.3,11.2,0.559,0.2,0.5,0.357,6.1,10.7,0.568,0.566,2.5,3,0.83,4.2,7.3,11.5,2,0.4,0.4,2.1,2.6,15.2
243,Luke Kennard,SG,22,DET,10,4,19,2.9,6.2,0.468,1.1,2.9,0.379,1.8,3.3,0.545,0.556,0.1,0.2,0.5,0.1,2.8,2.9,1.3,0.3,0.3,1.2,1.8,7
244,Michael Kidd-Gilchrist,PF,25,CHO,22,1,19.5,3,6.4,0.475,0.3,0.7,0.375,2.8,5.7,0.488,0.496,1.6,2,0.778,1.8,3.5,5.3,1.1,0.4,1.1,0.7,2.9,8
245,George King,SF,25,PHO,1,0,6,0,0,,0,0,,0,0,,,0,0,,0,1,1,0,0,0,0,0,0
246,Maxi Kleber,PF,27,DAL,25,0,17.8,2.3,5.3,0.432,0.9,3,0.289,1.4,2.2,0.625,0.515,1,1.2,0.8,1.2,2.4,3.6,0.7,0.5,1.2,0.6,1.4,6.4
247,Brandon Knight,G,27,HOU,2,0,4,0,1,0,0,0.5,0,0,0.5,0,0,0,0,,0,0.5,0.5,0.5,0,0,0,1,0
248,Kevin Knox,PF,19,NYK,24,6,22.9,3.8,10.2,0.367,1.5,4.3,0.359,2.2,5.9,0.373,0.443,1.5,2.3,0.625,0.8,3.2,3.9,0.9,0.5,0.4,1.1,2,10.5
249,Furkan Korkmaz,SG,21,PHI,23,2,14.1,2.1,5.3,0.397,0.9,2.9,0.313,1.2,2.3,0.5,0.483,0.5,0.6,0.857,0.3,1.9,2.2,1.3,0.7,0.1,0.5,1.2,5.6
250,Luke Kornet,PF,23,NYK,9,0,6.3,0.7,1.8,0.375,0.4,1.3,0.333,0.2,0.4,0.5,0.5,0.2,0.2,1,0.6,0.9,1.4,0.3,0.2,0.4,0.2,0.3,2
251,Kyle Korver,PF-SG,37,TOT,24,0,16.1,2.4,5.5,0.439,1.7,3.9,0.43,0.8,1.6,0.462,0.591,0.7,0.8,0.8,0.1,1.7,1.8,0.9,0.2,0.2,1,1.4,7.2
251,Kyle Korver,PF,37,CLE,16,0,15.7,2.2,4.8,0.461,1.6,3.4,0.463,0.6,1.4,0.455,0.625,0.8,1,0.813,0,1.8,1.8,1.1,0.2,0.1,1.1,1.4,6.8
251,Kyle Korver,SG,37,UTA,8,0,16.9,2.9,7,0.411,1.9,4.9,0.385,1,2.1,0.471,0.545,0.4,0.5,0.75,0.3,1.5,1.8,0.6,0.1,0.3,0.8,1.4,8
252,Kosta Koufos,C,29,SAC,15,0,14.8,1.9,3.8,0.509,0,0,,1.9,3.8,0.509,0.509,0.1,0.1,0.5,1.2,4.1,5.3,1.1,0.7,0.5,0.6,1.9,3.9
253,Rodions Kurucs,SF,20,BRK,14,2,15.3,3,5.9,0.512,0.6,2.2,0.29,2.4,3.6,0.647,0.567,1.3,1.4,0.947,0.9,2.4,3.4,0.4,0.4,0.1,0.9,1.7,7.9
254,Kyle Kuzma,SF,23,LAL,30,28,31.8,7.1,14.6,0.485,1.7,5.6,0.311,5.3,9,0.593,0.545,2.2,2.8,0.776,0.8,4.8,5.6,2.2,0.6,0.6,1.7,2.3,18.1
255,Skal Labissiere,PF,22,SAC,7,0,5.7,0.9,1.9,0.462,0.1,0.7,0.2,0.7,1.1,0.625,0.5,0.6,0.7,0.8,0.1,1.1,1.3,0.3,0.3,0.1,0.6,1.6,2.4
256,Jeremy Lamb,SG,26,CHO,29,29,28.4,5.4,12.2,0.444,1.4,4,0.342,4,8.2,0.494,0.5,2.8,3.1,0.889,0.9,4.8,5.6,1.8,1.2,0.3,0.9,2.1,15
257,Zach LaVine,SG,23,CHI,28,28,35.3,8.4,18.7,0.45,1.7,5.1,0.326,6.8,13.6,0.497,0.495,5.2,6,0.869,0.4,4.4,4.9,4.8,1.1,0.5,4,2.2,23.8
258,Jake Layman,SF,24,POR,23,20,15.7,2.3,4.4,0.51,0.8,2.2,0.36,1.5,2.3,0.654,0.598,0.3,0.5,0.545,0.7,1.8,2.5,0.3,0.7,0.3,0.6,1.1,5.6
259,T.J. Leaf,PF,21,IND,16,0,7.3,1,2.6,0.39,0.1,0.7,0.182,0.9,1.9,0.467,0.415,0.2,0.3,0.75,0.6,1,1.6,0.3,0.1,0.1,0.3,0.6,2.3
260,Courtney Lee,SG,33,NYK,6,0,14,1.5,4.5,0.333,0.7,1.5,0.444,0.8,3,0.278,0.407,1,1.7,0.6,0.8,1.8,2.7,2,0.7,0.2,0.2,1.3,4.7
261,Damion Lee,SG,26,GSW,15,0,12.7,1.7,3.7,0.455,0.9,2,0.433,0.8,1.7,0.48,0.573,0.7,0.8,0.833,0.2,1.7,1.9,0.2,0.5,0,0.5,1.3,4.9
262,Alex Len,C,25,ATL,27,17,19.1,3.6,7.1,0.497,0.6,1.9,0.32,3,5.3,0.559,0.539,1.6,2.5,0.657,1.6,3.1,4.8,0.9,0.3,0.9,1.5,2.9,9.3
263,Kawhi Leonard,SF,27,TOR,24,24,35,9.3,18.9,0.491,1.9,4.9,0.381,7.4,14,0.53,0.541,5.8,6.8,0.859,1.3,7.1,8.4,3.1,1.8,0.6,2.1,1.7,26.3
264,Meyers Leonard,C,26,POR,26,0,12.5,1.8,3.7,0.505,0.8,1.7,0.467,1,1.9,0.54,0.616,0.8,1,0.846,1,3,4,1.1,0.3,0.1,0.6,1.5,5.3
265,Jon Leuer,PF,29,DET,15,1,10.3,1.9,3,0.622,0,0.3,0,1.9,2.7,0.683,0.622,0.7,0.9,0.769,0.8,1.7,2.5,0.4,0.3,0,0.5,1.4,4.4
266,Caris LeVert,SF,24,BRK,14,14,29.7,6.9,14.6,0.475,1.4,4.4,0.311,5.6,10.2,0.545,0.522,3.1,4.4,0.721,1,3.3,4.3,3.7,1.2,0.4,2.1,2.4,18.4
267,Damian Lillard,PG,28,POR,29,29,35.2,8.7,19.6,0.445,2.9,7.8,0.376,5.8,11.8,0.491,0.52,6.5,7.3,0.892,0.8,4.2,5,6,0.9,0.4,2.6,1.8,26.9
268,Jeremy Lin,PG,30,ATL,25,0,18.2,3.5,7,0.503,1.1,2.8,0.4,2.4,4.2,0.571,0.583,2.5,3,0.816,0.2,2,2.2,3.1,0.8,0.1,2,1.9,10.6
269,Shaun Livingston,PG,33,GSW,20,0,16.6,1.8,4,0.443,0,0.1,0,1.8,3.9,0.449,0.443,1,1.3,0.769,0.9,1.2,2.1,2.2,0.6,0.5,0.7,1.4,4.5
270,Zach Lofton,SG,26,DET,1,0,4,0,1,0,0,1,0,0,0,,0,0,0,,0,0,0,0,1,0,1,0,0
271,Kevon Looney,C,22,GSW,30,8,20.3,2.6,4.2,0.614,0,0.1,0,2.6,4.1,0.634,0.614,0.9,1.5,0.609,2.5,2.8,5.4,2,0.3,0.8,0.8,2.9,6.1
272,Brook Lopez,C,30,MIL,28,28,28,4.3,10,0.431,2.6,7,0.367,1.8,3,0.576,0.559,1,1.2,0.794,0.5,3.7,4.2,1.1,0.5,1.8,1,2.3,12.2
273,Robin Lopez,C,30,CHI,23,0,17,2.5,4.8,0.518,0.1,0.4,0.222,2.4,4.4,0.545,0.527,0.7,0.9,0.81,0.9,1.2,2.1,1,0.1,1,1.3,2,5.8
274,Kevin Love,PF,30,CLE,4,4,34,5.3,16.3,0.323,1.8,6,0.292,3.5,10.3,0.341,0.377,6.8,8.3,0.818,2.5,11,13.5,3.5,0.3,0.3,2.5,3.5,19
275,Kyle Lowry,PG,32,TOR,29,29,34.2,4.9,11.3,0.436,2.1,6.5,0.33,2.8,4.8,0.579,0.53,2.2,2.7,0.833,0.5,3.9,4.4,10,1.4,0.4,2.8,2.2,14.2
276,Jordan Loyd,PG,25,TOR,3,0,5.7,1,1,1,0.7,0.7,1,0.3,0.3,1,1.333,1.3,1.3,1,0.3,1.3,1.7,0.3,0,0,0.3,0.7,4
277,Timothe Luwawu-Cabarrot,SF,23,OKC,15,1,7.5,0.9,2.6,0.333,0.3,1.3,0.25,0.5,1.3,0.421,0.397,0.3,0.4,0.667,0.3,0.8,1.1,0.3,0.3,0.1,0.3,0.9,2.3
278,Tyler Lydon,PF,22,DEN,9,0,3.2,0.7,0.9,0.75,0.3,0.4,0.75,0.3,0.4,0.75,0.938,0.1,0.2,0.5,0.2,0.2,0.4,0,0,0,0.1,0.3,1.8
279,Trey Lyles,PF,23,DEN,29,1,20.7,3.7,8.9,0.409,0.8,3.4,0.235,2.9,5.6,0.516,0.454,1.7,2.4,0.686,0.8,4,4.7,1.5,0.6,0.5,1.6,1.7,9.8
280,Shelvin Mack,PG,28,MEM,29,1,24.9,3.2,7.5,0.433,1.1,2.7,0.405,2.1,4.8,0.449,0.507,1.1,1.7,0.688,0.4,1.7,2.1,3.2,1,0.1,1.3,1.7,8.7
281,Daryl Macon,SG,23,DAL,1,0,1,0,0,,0,0,,0,0,,,0,0,,0,0,0,0,0,0,0,0,0
282,Ian Mahinmi,C,32,WAS,15,6,13.2,0.9,2.2,0.424,0.1,0.5,0.143,0.9,1.7,0.5,0.439,1.7,2.5,0.676,1.5,1.9,3.3,0.5,0.5,0.3,0.5,2.3,3.6
283,Thon Maker,C,21,MIL,20,0,12.2,1.8,4.2,0.417,0.9,2.7,0.34,0.9,1.6,0.548,0.524,0.6,1,0.6,0.5,2.4,2.9,0.6,0.2,0.6,0.3,1.4,5
284,Boban Marjanovic,C,30,LAC,22,6,11.3,2.8,4.5,0.626,0,0,0,2.8,4.5,0.633,0.626,2.4,3,0.776,1.9,3,4.9,0.5,0.4,0.7,1,1.7,8
285,Lauri Markkanen,PF,21,CHI,7,6,28.3,5.6,14.9,0.375,2.7,7.9,0.345,2.9,7,0.408,0.466,1.3,1.6,0.818,0.9,5.3,6.1,0.9,1.4,0.9,1.6,2.1,15.1
286,Jarell Martin,PF,24,ORL,17,1,9.4,1,2.8,0.354,0.2,1.1,0.211,0.8,1.7,0.448,0.396,0.3,0.3,1,0.3,1.6,1.9,0.6,0.1,0.2,0.4,1.1,2.5
287,Frank Mason,PG,24,SAC,24,0,13.5,1.8,4.7,0.384,0.3,1.6,0.184,1.5,3.1,0.486,0.415,1.2,1.6,0.718,0.1,1.2,1.3,2.9,0.5,0.2,1,0.9,5
288,Wesley Matthews,SG,32,DAL,24,24,30.8,4.9,11.6,0.424,2.4,6.1,0.388,2.5,5.5,0.466,0.527,2.5,3.3,0.769,0.5,1.9,2.4,2.4,0.9,0.2,1.2,2.3,14.7
289,Luc Mbah a Moute,PF,32,LAC,4,0,15.3,2,4.5,0.444,0.5,1.5,0.333,1.5,3,0.5,0.5,0.5,1.3,0.4,0.5,1.3,1.8,0.5,0.3,0.3,0.5,2,5
290,CJ McCollum,SG,27,POR,28,28,34.4,8.5,18.2,0.469,2.1,5.9,0.355,6.4,12.3,0.523,0.526,2.5,3,0.835,0.9,2.9,3.8,2.5,0.9,0.4,1.8,2.6,21.7
291,T.J. McConnell,PG,26,PHI,25,0,18.6,2.7,4.7,0.581,0.2,0.5,0.385,2.5,4.2,0.606,0.603,0.4,0.4,1,0.3,1.4,1.8,3,1,0.2,1.4,1.5,6
292,Doug McDermott,SF,27,IND,30,0,17.5,2.5,5.1,0.5,1.3,3.1,0.419,1.2,2,0.627,0.628,0.9,1.1,0.875,0.2,1.2,1.4,0.8,0.3,0.1,0.4,1.5,7.3
293,JaVale McGee,C,31,LAL,30,29,22.7,5.1,8.1,0.626,0,0.1,0.25,5,8,0.632,0.628,1.3,1.9,0.667,2.4,4,6.4,0.8,0.7,2.5,1.6,2.5,11.4
294,Rodney McGruder,SG,27,MIA,29,29,31,4.2,9.6,0.434,1.6,4.1,0.392,2.6,5.5,0.465,0.518,1.1,1.4,0.762,1.1,3.6,4.7,2.6,0.8,0.1,1.4,2.5,11.1
295,Alfonzo McKinnie,SF,26,GSW,21,0,16.1,2.4,5,0.49,1,2.2,0.435,1.5,2.8,0.534,0.587,0.4,0.9,0.474,1.4,2.8,4.1,0.5,0.1,0.3,0.5,2,6.2
296,Ben McLemore,SG,25,SAC,8,0,5.1,0.6,2.4,0.263,0.6,1.8,0.357,0,0.6,0,0.395,0,0.3,0,0,0.3,0.3,0.3,0,0,0.1,0.5,1.9
297,Jordan McRae,SG,27,WAS,5,0,5,0.2,1.6,0.125,0,0.4,0,0.2,1.2,0.167,0.125,0,0,,0,0.8,0.8,0.4,0.2,0.2,0,0,0.4
298,Salah Mejri,C,32,DAL,9,0,6.2,0.7,1.2,0.545,0,0.2,0,0.7,1,0.667,0.545,0.4,0.4,1,0.6,1.8,2.3,0.3,0,0.1,0.3,0.9,1.8
299,De'Anthony Melton,PG,20,PHO,13,5,18.5,2.8,7.1,0.402,1,3,0.333,1.8,4.1,0.453,0.473,0.4,0.5,0.833,0.3,2.4,2.7,3,1.3,0.2,1.8,2.2,7.1
300,Chimezie Metu,PF,21,SAS,18,0,5.8,0.9,2.3,0.381,0,0.1,0,0.9,2.2,0.4,0.381,0.7,0.8,0.8,0.4,1,1.4,0.6,0.3,0.1,0.6,0.4,2.4
301,Khris Middleton,SF,27,MIL,26,26,30.8,5.8,13.9,0.418,2.8,7.1,0.391,3,6.8,0.446,0.518,3,3.5,0.867,0.4,5.5,5.9,3.8,1.2,0.1,2.4,2.7,17.4
302,C.J. Miles,SF,31,TOR,26,1,15,1.7,5.4,0.321,1.1,3.5,0.308,0.7,1.9,0.347,0.421,0.8,1,0.778,0.2,1.4,1.7,0.7,0.4,0.2,0.6,1.6,5.3
303,Darius Miller,SF,28,NOP,27,0,21.1,2.1,5.1,0.406,1.5,4.1,0.364,0.6,1,0.571,0.551,0.5,0.6,0.824,0.2,1.1,1.3,1.6,0.7,0.2,0.7,2,6.1
304,Patty Mills,PG,30,SAS,30,0,24.9,3.3,7.6,0.432,1.7,4.3,0.395,1.6,3.3,0.48,0.544,1.2,1.5,0.841,0.3,2.3,2.6,2.8,0.5,0.2,1.1,1.5,9.5
305,Paul Millsap,PF,33,DEN,25,25,26.8,4.9,9.9,0.498,0.9,2.2,0.4,4,7.7,0.526,0.543,2.9,4,0.727,2.1,4.9,7,2,1.4,1.1,1.6,2.6,13.6
306,Shake Milton,SG,22,PHI,5,0,5.6,0.4,1.4,0.286,0.2,0.8,0.25,0.2,0.6,0.333,0.357,0,0,,0,0.2,0.2,0.8,0.2,0.2,0,0.8,1
307,Nikola Mirotic,PF,27,NOP,25,22,30,6,13.4,0.452,2.5,7.2,0.348,3.5,6.1,0.575,0.546,2.8,3.3,0.841,1.6,7.6,9.2,1,0.8,0.6,1.2,2.4,17.4
308,Donovan Mitchell,SG,22,UTA,26,26,32,7.8,18.3,0.426,2,6.5,0.306,5.8,11.8,0.492,0.48,3.3,4,0.827,0.4,2.5,3,3.2,1.7,0.3,2.5,2.7,20.9
309,Naz Mitrou-Long,SG,25,UTA,1,0,4,0,1,0,0,1,0,0,0,,0,0,0,,0,0,0,0,0,0,0,1,0
310,Malik Monk,SG,20,CHO,28,0,19.3,3.6,9.5,0.383,1.7,5.1,0.333,1.9,4.4,0.443,0.474,1.6,1.8,0.882,0.3,1.5,1.8,1.9,0.6,0.3,1.3,1.6,10.6
311,Greg Monroe,C,28,TOR,15,0,8,1.7,3.5,0.491,0,0.1,0,1.7,3.4,0.51,0.491,0.4,0.8,0.5,1.3,1.8,3.1,0.3,0.4,0,0.8,1.1,3.9
312,E'Twaun Moore,SF,29,NOP,28,24,29.9,5.7,11.3,0.505,1.5,3.5,0.429,4.2,7.8,0.539,0.571,1,1.5,0.707,0.9,1.6,2.4,2.1,0.7,0.2,1.3,2.6,13.9
313,Jaylen Morris,SG,23,MIL,4,0,7.3,1,2.5,0.4,0.3,0.8,0.333,0.8,1.8,0.429,0.45,0.3,0.5,0.5,0,1.3,1.3,1,0.5,0,0.3,0.3,2.5
314,Marcus Morris,PF,29,BOS,28,11,27.1,5.4,10.9,0.492,2.2,5.1,0.424,3.2,5.8,0.553,0.592,2,2.3,0.875,0.8,5.4,6.2,1.5,0.6,0.2,1.5,2.8,14.9
315,Markieff Morris,PF,29,WAS,29,15,26,4.2,9.5,0.447,1.4,4.2,0.341,2.8,5.2,0.533,0.524,1.5,1.9,0.796,1.1,4.1,5.2,1.7,0.7,0.6,1.4,3.3,11.4
316,Monte Morris,PG,23,DEN,29,1,24.9,4,8.5,0.476,1.1,2.5,0.444,2.9,6,0.489,0.541,0.7,0.9,0.778,0.4,2.3,2.7,4.1,1,0.1,0.7,1.2,9.9
317,Emmanuel Mudiay,PG,22,NYK,24,17,24.8,4.9,10.6,0.463,1,3.1,0.333,3.9,7.5,0.517,0.512,2.3,3,0.761,0.6,2.3,2.9,3.4,0.9,0.4,1.9,1.8,13.1
318,Jamal Murray,PG,21,DEN,29,28,34.4,6.7,15.8,0.422,1.4,4.8,0.3,5.2,10.9,0.476,0.468,2.7,3.2,0.859,0.9,3.6,4.4,4.7,0.9,0.4,2.4,2.1,17.5
319,Dzanan Musa,SG,19,BRK,7,0,3.7,0.9,2,0.429,0,0.9,0,0.9,1.1,0.75,0.429,0,0.3,0,0.1,0.3,0.4,0.1,0.3,0,0.4,0.1,1.7
320,Mike Muscala,PF,27,PHI,24,2,23.8,2.4,6.2,0.389,1.5,4.5,0.33,0.9,1.7,0.55,0.51,1.8,2.2,0.83,1.2,3.5,4.8,1.4,0.4,0.7,1,2.6,8.2
321,Svi Mykhailiuk,SF,21,LAL,19,0,11.6,1.2,3.5,0.328,0.8,2.3,0.349,0.4,1.3,0.292,0.44,0.4,0.7,0.538,0.3,0.6,0.9,0.9,0.4,0,0.7,0.6,3.5
322,Abdel Nader,SF,25,OKC,12,0,3.1,0.5,1,0.5,0,0.3,0,0.5,0.8,0.667,0.5,0,0,,0.1,0.8,0.8,0.1,0.2,0.1,0.4,0.3,1
323,Larry Nance,C,26,CLE,28,8,24.5,3.1,6,0.521,0.4,1,0.429,2.7,5,0.539,0.556,1.4,2,0.691,1.9,4.9,6.8,3,1.3,0.7,1.2,3,8.1
324,Shabazz Napier,PG,27,BRK,23,0,15,2.4,6.3,0.377,1,2.7,0.371,1.4,3.7,0.381,0.455,1.9,2.2,0.843,0.3,1.3,1.6,1.4,0.7,0.3,0.9,1.2,7.7
325,Raul Neto,PG,26,UTA,11,0,11.2,1.7,3.5,0.5,0.4,1.4,0.267,1.4,2.1,0.652,0.553,0.8,0.9,0.9,0.2,1,1.2,2.5,0.5,0,1,1,4.6
326,Georges Niang,PF,25,UTA,21,0,7.1,1.1,2.5,0.453,0.7,1.8,0.405,0.4,0.8,0.563,0.594,0.4,0.4,0.889,0.1,1.1,1.2,0.6,0.2,0,0.3,0.9,3.4
327,Joakim Noah,C,33,MEM,7,0,14.3,2,4.4,0.452,0,0,,2,4.4,0.452,0.452,1.3,2,0.643,1.1,2.3,3.4,0.9,0.4,0.7,1.6,2,5.3
328,Nerlens Noel,C,24,OKC,27,1,14.1,2.3,3.9,0.596,0,0,,2.3,3.9,0.596,0.596,0.9,1.2,0.719,2,3,5,0.4,1,1.4,0.6,2.4,5.4
329,Dirk Nowitzki,F,40,DAL,2,0,7.5,1,3,0.333,0,1,0,1,2,0.5,0.333,0.5,0.5,1,0,2.5,2.5,0,0,0,0.5,0.5,2.5
330,Frank Ntilikina,PG,20,NYK,28,14,22.3,2.5,6.8,0.361,0.9,3,0.294,1.6,3.8,0.415,0.427,0.7,0.8,0.864,0.1,1.8,1.9,2.6,0.8,0.4,1.5,2.5,6.5
331,James Nunnally,SF,28,MIN,8,0,5.8,0.6,1.9,0.333,0.3,1.1,0.222,0.4,0.8,0.5,0.4,0.5,0.5,1,0,0.4,0.4,0.6,0.1,0,0.1,0.4,2
332,Jusuf Nurkic,C,24,POR,29,29,26.6,5.3,11.2,0.478,0.1,0.8,0.13,5.2,10.4,0.505,0.483,3.6,4.8,0.761,3.9,6.6,10.5,2.5,1,1.3,2.1,3.1,14.4
333,David Nwaba,SG,26,CLE,17,3,16.5,2.2,4.9,0.446,0.4,1.6,0.25,1.8,3.2,0.545,0.488,1.6,2.6,0.636,0.5,2.4,2.9,0.7,0.6,0.4,0.4,1.5,6.4
334,Royce O'Neale,SF,25,UTA,30,3,17.3,1.7,3.8,0.456,0.5,1.4,0.381,1.2,2.4,0.5,0.526,0.4,0.6,0.667,0.3,2.7,3,1.4,0.5,0.1,0.9,1.8,4.4
335,Kyle O'Quinn,C,28,IND,15,0,6.9,1.2,2.6,0.462,0,0.3,0,1.2,2.3,0.514,0.462,0.4,0.4,1,0.8,1.8,2.6,1.3,0.2,0.5,0.5,1.3,2.8
336,Semi Ojeleye,PF,24,BOS,21,1,11.2,1.4,3.5,0.397,0.6,2,0.286,0.8,1.5,0.548,0.479,0.3,0.5,0.636,0.4,1.4,1.9,0.1,0.1,0,0.3,0.6,3.7
337,Jahlil Okafor,C,23,NOP,13,2,5.4,1.2,2.4,0.484,0,0,,1.2,2.4,0.484,0.484,0.5,0.5,1,0.8,0.8,1.5,0.1,0,0,0.5,0.9,2.8
338,Elie Okobo,PG,21,PHO,18,4,19.8,2.6,6.9,0.379,0.7,2.7,0.265,1.9,4.2,0.453,0.431,0.7,0.8,0.929,0.3,1.8,2.1,2.6,0.8,0.2,1.4,2.7,6.7
339,Josh Okogie,SG,20,MIN,21,7,18,2.4,6.1,0.395,0.8,2.5,0.302,1.7,3.6,0.461,0.457,1,1.3,0.741,0.6,2.2,2.9,0.9,0.8,0.3,0.9,1.7,6.6
340,Victor Oladipo,SG,26,IND,19,19,32.3,7.7,17.5,0.438,2.3,6.5,0.355,5.4,11,0.488,0.505,3.1,4.2,0.738,0.5,6.1,6.6,5.1,1.7,0.4,2.3,1.9,20.8
341,Kelly Olynyk,PF,27,MIA,28,5,20.8,3,6.8,0.442,1.5,4.4,0.344,1.5,2.4,0.618,0.553,2.4,3,0.8,1,3.4,4.4,2.1,0.7,0.4,1.4,2.4,9.9
342,Cedi Osman,SF,23,CLE,28,27,32,3.9,10.6,0.367,1.5,4.8,0.308,2.4,5.9,0.415,0.436,1.9,2.4,0.788,0.6,4.4,5,2.4,0.7,0.3,1.6,2.4,11.1
343,Kelly Oubre,SF,23,WAS,29,7,26,4.6,10.5,0.433,1.4,4.6,0.311,3.1,6,0.526,0.5,2.3,2.9,0.8,0.8,3.6,4.4,0.7,0.9,0.7,1,2.4,12.9
344,Zaza Pachulia,C,34,DET,26,0,12.9,1.2,3.2,0.386,0,0.1,0,1.2,3.1,0.395,0.386,1.9,2.3,0.803,1.8,2.6,4.4,1.4,0.7,0.2,0.7,2.2,4.3
345,Jabari Parker,PF,23,CHI,29,17,30.1,6.1,13.3,0.455,0.9,3.2,0.293,5.1,10.2,0.505,0.49,2.2,3,0.724,1.2,5.7,6.9,2.3,0.6,0.3,2.6,2.3,15.2
346,Tony Parker,PG,36,CHO,26,0,19.3,4,8.6,0.462,0.3,1,0.259,3.7,7.5,0.49,0.478,1.7,2.5,0.692,0.2,1.4,1.6,4.2,0.6,0.1,1.2,0.8,9.9
347,Chandler Parsons,SF,30,MEM,3,3,15.3,2.3,5.7,0.412,1,3.3,0.3,1.3,2.3,0.571,0.5,0,0,,0.3,1,1.3,0.7,0.3,0.3,0.7,2.3,5.7
348,Patrick Patterson,PF,29,OKC,28,3,15.4,1.4,4.2,0.331,0.8,2.7,0.293,0.6,1.5,0.395,0.424,0.5,0.8,0.609,0.8,1.9,2.7,0.5,0.4,0.2,0.4,1,4.1
349,Chris Paul,PG,33,HOU,23,23,34.1,5.5,13.3,0.412,2,5.9,0.348,3.4,7.4,0.462,0.489,3,3.8,0.795,0.7,3.7,4.3,8.1,2.1,0.3,3,2.6,16
350,Cameron Payne,PG,24,CHI,27,12,18,2.3,5.7,0.405,0.6,2.1,0.263,1.7,3.6,0.49,0.454,0.8,0.9,0.88,0.4,1.4,1.8,2.7,0.7,0.2,1.1,1.6,6
351,Elfrid Payton,PG,24,NOP,6,6,25.3,4,8.5,0.471,0.5,1.2,0.429,3.5,7.3,0.477,0.5,1.2,1.8,0.636,1.2,4,5.2,5.3,0.8,0.2,2,2.7,9.7
352,Theo Pinson,SG,23,BRK,3,0,5,0,1,0,0,0.7,0,0,0.3,0,0,0.7,0.7,1,0,0.3,0.3,1.3,0,0,0,0,0.7
353,Mason Plumlee,C,28,DEN,29,3,18.4,3,5.1,0.585,0,0.1,0.333,2.9,5,0.59,0.588,1.1,2.4,0.471,2.1,3.3,5.4,2.1,1.1,1,1.5,3.3,7.1
354,Miles Plumlee,C,30,ATL,16,0,9.7,1.9,2.8,0.682,0,0,,1.9,2.8,0.682,0.682,1,1.8,0.571,1,1.3,2.3,0.9,0.4,0.3,0.6,0.8,4.8
355,Jakob Poeltl,C,23,SAS,26,3,14.2,2.4,3.7,0.639,0,0,,2.4,3.7,0.639,0.639,1,1.4,0.694,2.3,2.7,4.9,1,0.2,0.7,0.8,1.4,5.7
356,Quincy Pondexter,SF,30,SAS,24,0,6.2,0.5,1.1,0.5,0.1,0.4,0.3,0.4,0.7,0.625,0.558,0.9,1,0.84,0.2,1,1.1,0.5,0.3,0,0.3,0.7,2.1
357,Otto Porter,SF,25,WAS,25,25,29.5,4.6,9.5,0.487,1.4,3.8,0.368,3.2,5.7,0.566,0.561,1,1.3,0.781,1,4.7,5.6,2,1.5,0.6,0.9,1.5,11.7
358,Bobby Portis,PF,23,CHI,7,4,24.6,4.3,10.3,0.417,0.7,2.6,0.278,3.6,7.7,0.463,0.451,1.4,2.4,0.588,1.4,7,8.4,1.4,0.4,0.9,1,2.9,10.7
359,Dwight Powell,C,27,DAL,25,0,16.6,3.1,5.3,0.583,0.3,1.6,0.175,2.8,3.7,0.761,0.61,2.4,3.1,0.779,1.3,3,4.2,1.1,0.6,0.6,1,2.8,8.8
360,Norman Powell,SG,25,TOR,11,2,14.9,1.8,3.8,0.476,0.8,2,0.409,1,1.8,0.55,0.583,0.5,0.7,0.75,0.2,1.8,2,0.9,0.5,0.1,0.7,1.5,5
361,Alex Poythress,PF,25,ATL,13,1,15,2,3.8,0.531,0.4,1.1,0.357,1.6,2.7,0.6,0.582,0.6,1.3,0.471,1.5,2.2,3.8,0.8,0.2,0.4,0.6,2.4,5
362,Zhou Qi,PF,23,HOU,1,0,1,1,1,1,0,0,,1,1,1,1,0,0,,0,0,0,0,0,0,0,0,2
363,Ivan Rabb,PF,21,MEM,9,0,6.3,0.9,1.4,0.615,0,0.1,0,0.9,1.3,0.667,0.615,0.3,0.6,0.6,0.4,1.7,2.1,0.7,0.1,0.1,0.9,1.3,2.1
364,Julius Randle,C,24,NOP,31,11,27.7,7.1,12.9,0.553,0.6,1.8,0.327,6.5,11.1,0.588,0.575,4.4,6.3,0.706,2.5,7,9.5,2.7,0.6,0.6,2.5,3.4,19.3
365,J.J. Redick,SG,34,PHI,31,18,31.1,6.2,14.2,0.435,2.7,7.8,0.35,3.5,6.4,0.54,0.532,3,3.3,0.931,0.3,2,2.2,3,0.2,0.2,1.5,2.1,18.2
366,Davon Reed,SG,23,IND,3,0,2,0,0,,0,0,,0,0,,,0,0,,0,0,0,0,0,0,0,0.3,0
367,Josh Richardson,SG,25,MIA,28,28,34.7,6.5,16,0.406,2.6,6.7,0.388,3.9,9.3,0.419,0.488,3,3.6,0.84,0.9,2.9,3.8,3.5,1.3,0.5,2.1,3.1,18.6
368,Malachi Richardson,SG,23,TOR,15,0,5.3,0.5,1.5,0.318,0.4,1.3,0.316,0.1,0.2,0.333,0.455,0.1,0.2,0.667,0.1,0.7,0.8,0,0.1,0,0.5,0.7,1.5
369,Austin Rivers,SG,26,WAS,29,2,23.6,2.6,6.7,0.392,1.1,3.7,0.311,1.5,3,0.489,0.477,0.9,1.6,0.543,0.4,2.1,2.4,2,0.6,0.3,1.2,2.5,7.2
370,Devin Robinson,SF,23,WAS,2,0,9,2,3.5,0.571,0,0,,2,3.5,0.571,0.571,1,1.5,0.667,1,2,3,0.5,1,0.5,0,1,5
371,Duncan Robinson,PF,24,MIA,4,0,7.3,0.5,1.5,0.333,0.5,1.5,0.333,0,0,,0.5,0,0,,0,1.3,1.3,0,0.3,0,0,0.3,1.5
372,Glenn Robinson,SF,25,DET,24,16,16,1.7,4.4,0.387,0.5,1.5,0.297,1.3,2.9,0.435,0.439,0.9,1.1,0.846,0.3,1.2,1.5,0.5,0.3,0.2,0.5,1,4.8
373,Jerome Robinson,SG,21,LAC,8,0,5,1.1,2.3,0.5,0.6,1.1,0.556,0.5,1.1,0.444,0.639,0,0,,0,0.4,0.4,0.1,0,0,0.1,0.8,2.9
374,Mitchell Robinson,C,20,NYK,28,12,17.2,2,3.2,0.64,0,0,,2,3.2,0.64,0.64,0.6,1.1,0.531,2.1,1.8,3.9,0.6,0.7,1.8,0.6,3.2,4.7
375,Rajon Rondo,PG,32,LAL,11,2,25.3,3.6,8,0.455,0.8,1.9,0.429,2.8,6.1,0.463,0.506,0.4,0.7,0.5,0.9,3.6,4.5,6.5,1.2,0,2.3,2.3,8.5
376,Derrick Rose,PG,30,MIN,27,6,29.5,7.3,14.6,0.5,1.6,3.3,0.483,5.7,11.3,0.505,0.555,2.5,3,0.84,0.7,2.2,2.9,4.4,0.7,0.3,1.8,1.2,18.7
377,Terrence Ross,SG,27,ORL,29,0,25.7,5.3,11.6,0.458,2.2,5.5,0.396,3.1,6.1,0.514,0.552,1.3,1.6,0.844,0.2,2.6,2.7,1.7,0.9,0.4,1.2,2,14.1
378,Terry Rozier,PG,24,BOS,29,2,23.2,3.1,8.1,0.386,1.4,3.8,0.36,1.8,4.3,0.408,0.47,0.9,1.2,0.714,0.5,3.7,4.2,2.6,0.9,0.2,0.9,1.7,8.5
379,Ricky Rubio,PG,28,UTA,30,30,29.5,4.4,11.3,0.391,1.3,4.3,0.313,3.1,7.1,0.439,0.45,2.7,3.2,0.842,0.3,3.2,3.5,6.1,1.5,0.2,2.9,2.8,12.9
380,D'Angelo Russell,PG,22,BRK,31,31,29,7,16.7,0.422,2.5,6.7,0.367,4.6,10,0.458,0.495,1.5,2,0.754,0.5,3.2,3.8,6,1.3,0.3,2.8,1.7,18
381,Domantas Sabonis,C,22,IND,28,1,24.7,5.6,9,0.622,0.2,0.2,0.833,5.4,8.8,0.616,0.631,2.7,3.6,0.752,2.5,7.4,9.9,3.1,0.5,0.6,2.5,3.2,14
382,Dario Saric,PF,24,TOT,28,14,27.1,3.9,9.3,0.423,1.5,4.6,0.328,2.4,4.7,0.515,0.504,1.7,1.9,0.906,1.6,4.6,6.3,1.7,0.5,0.2,1.4,2.5,11.1
382,Dario Saric,PF,24,PHI,13,13,30.5,3.7,10.2,0.364,1.6,5.4,0.3,2.1,4.8,0.435,0.443,2.1,2.3,0.9,1.6,5,6.6,2,0.3,0.2,1.9,3,11.1
382,Dario Saric,PF,24,MIN,15,1,24.1,4.1,8.5,0.484,1.4,3.9,0.362,2.7,4.7,0.586,0.566,1.4,1.5,0.913,1.7,4.3,5.9,1.4,0.6,0.1,0.9,2.1,11.1
383,Tomas Satoransky,SG,27,WAS,30,8,18.6,2,4.2,0.488,0.5,1.2,0.378,1.6,2.9,0.534,0.544,1.2,1.3,0.921,0.5,1.4,1.9,3,0.7,0.2,0.7,1.8,5.7
384,Dennis Schroder,PG,25,OKC,28,9,29.3,6.2,14.8,0.419,1.4,4.2,0.339,4.8,10.6,0.451,0.467,2.6,3.1,0.851,0.5,3.6,4.1,4.8,1.1,0.2,2.8,2.5,16.5
385,Mike Scott,PF,30,LAC,29,0,15.3,1.8,4.6,0.402,1.1,2.7,0.397,0.8,1.9,0.407,0.519,0.2,0.3,0.75,0.5,3.2,3.7,0.9,0.4,0.2,0.6,1.8,4.9
386,Thabo Sefolosha,SF,34,UTA,16,0,11.1,0.9,1.8,0.483,0.3,0.9,0.357,0.6,0.9,0.6,0.569,0.4,0.6,0.6,0.2,2.4,2.6,0.5,0.9,0.1,0.8,0.8,2.4
387,Wayne Selden,SG,24,MEM,24,0,15.9,2.2,5.5,0.405,0.7,2.2,0.308,1.5,3.3,0.468,0.466,0.7,0.9,0.81,0.5,0.8,1.3,1.3,0.4,0.2,0.8,1.7,5.8
388,Collin Sexton,PG,20,CLE,30,20,29.7,6.1,13.7,0.447,0.8,2,0.407,5.3,11.8,0.453,0.476,2.2,2.5,0.868,0.6,2.4,3,2.5,0.5,0.1,2.4,2.5,15.3
389,Landry Shamet,SG,21,PHI,31,2,20.9,2.7,6.2,0.445,1.8,4.5,0.41,0.9,1.7,0.538,0.594,0.8,1.1,0.788,0.3,1.2,1.5,1,0.5,0.1,0.5,1.9,8.2
390,Iman Shumpert,SG,28,SAC,24,22,25.8,3.3,7.7,0.424,1.8,4.8,0.379,1.4,2.8,0.5,0.543,0.9,1,0.875,0.4,2.8,3.1,1.9,1.3,0.3,0.9,2.5,9.2
391,Pascal Siakam,PF,24,TOR,31,30,29.9,5.7,9.5,0.604,0.7,1.9,0.367,5,7.5,0.665,0.642,2.2,2.8,0.784,1.3,4.9,6.2,2.7,1,0.7,1.6,2.9,14.4
392,Ben Simmons,PG,22,PHI,30,30,33.4,6.4,11.2,0.574,0,0,,6.4,11.2,0.574,0.574,3.1,5.2,0.59,2.1,6.9,9.1,7.9,1.5,0.8,3.4,2.8,15.9
393,Jonathon Simmons,SG,29,ORL,27,7,21.7,2.6,7.2,0.354,0.5,2.1,0.241,2,5.1,0.401,0.39,1.7,2,0.833,0.5,1.9,2.4,2.1,0.5,0.4,1.3,1.7,7.3
394,Anfernee Simons,SG,19,POR,5,0,6.8,1,3,0.333,0,1,0,1,2,0.5,0.333,0.2,0.8,0.25,0,1,1,0.2,0,0,0.6,0.2,2.2
395,Marcus Smart,SG,24,BOS,29,9,25.2,2.3,5.8,0.391,1.1,3.5,0.324,1.1,2.3,0.493,0.488,1.4,1.9,0.759,0.8,2,2.8,4.1,1.8,0.4,1.4,2.7,7.1
396,Dennis Smith,PG,21,DAL,21,21,28.4,5,11.3,0.437,1.3,3.8,0.354,3.6,7.6,0.478,0.496,1.8,2.7,0.667,0.6,2.4,3,4,1.3,0.5,3.3,2.6,13
397,Ish Smith,PG,30,DET,22,0,24.4,3.9,9.3,0.415,1.1,3.5,0.329,2.7,5.9,0.465,0.476,0.4,0.5,0.667,0,1.9,1.9,3,0.5,0.3,1.1,2.4,9.2
398,J.R. Smith,SG,33,CLE,11,4,20.2,2.5,7.2,0.342,1.1,3.5,0.308,1.4,3.6,0.375,0.418,0.7,0.9,0.8,0,1.6,1.6,1.9,1,0.3,1,1.7,6.7
399,Jason Smith,C-PF,32,TOT,13,1,10.4,1.2,3.1,0.375,0.3,0.8,0.364,0.8,2.2,0.379,0.425,0.8,0.9,0.833,1.1,2.1,3.2,0.9,0.1,0.4,0.6,1.7,3.4
399,Jason Smith,C,32,WAS,12,1,10.8,1.3,3.1,0.405,0.3,0.8,0.4,0.9,2.3,0.407,0.459,0.8,1,0.833,0.9,2.2,3.1,1,0.1,0.4,0.6,1.8,3.7
399,Jason Smith,PF,32,MIL,1,0,5,0,3,0,0,1,0,0,2,0,0,0,0,,3,1,4,0,0,0,1,1,0
400,Tony Snell,SG,27,MIL,28,2,16.9,2.1,5,0.421,1.1,3,0.357,1,2,0.518,0.529,0.9,1,0.889,0.4,1.5,1.9,0.7,0.4,0.1,0.3,1.1,6.1
401,Ray Spalding,PF,21,DAL,1,0,1,0,0,,0,0,,0,0,,,0,0,,0,0,0,0,0,0,0,0,0
402,Omari Spellman,PF,21,ATL,22,8,18.2,2.2,5.8,0.386,0.9,2.7,0.317,1.4,3,0.448,0.461,1,1.3,0.75,1.9,2.5,4.5,1,0.8,0.6,0.7,1.5,6.3
403,Nik Stauskas,SG,25,POR,29,0,16.8,2.4,5.7,0.424,1.1,3.2,0.359,1.3,2.5,0.507,0.524,1,1.1,0.903,0.3,1.4,1.8,1.6,0.3,0.1,1.1,0.9,6.9
404,D.J. Stephens,SG,28,MEM,1,0,7,1,2,0.5,0,0,,1,2,0.5,0.5,0,0,,0,0,0,0,1,0,1,0,2
405,Lance Stephenson,SG,28,LAL,30,0,15.2,3,6.7,0.446,1,2.6,0.38,2,4.1,0.488,0.52,0.6,0.8,0.75,0.5,2.7,3.2,1.9,0.7,0.1,1.3,1.5,7.6
406,Edmond Sumner,PG,23,IND,7,0,4,0.3,1,0.286,0.1,0.4,0.333,0.1,0.6,0.25,0.357,0,0.3,0,0.3,0.1,0.4,0.1,0.1,0,0.4,0.6,0.7
407,Caleb Swanigan,PF,21,POR,12,0,9.4,0.9,2.9,0.314,0.1,0.3,0.25,0.8,2.6,0.323,0.329,0.3,0.4,0.8,0.9,2.6,3.5,0.4,0.3,0,1.1,1.3,2.3
408,Jayson Tatum,SF,20,BOS,29,29,31.2,6.2,13.2,0.466,1.8,4.4,0.395,4.4,8.8,0.502,0.533,2.6,3,0.841,1.3,5.2,6.5,1.8,1,0.5,1.6,2.2,16.7
409,Jeff Teague,PG,30,MIN,23,23,31.5,3.7,9.7,0.384,0.8,2.7,0.311,2.9,7.1,0.411,0.426,3.3,3.8,0.864,0.3,2,2.3,8.3,1,0.5,2.3,2.3,11.6
410,Garrett Temple,SG,32,MEM,29,29,31.8,3.6,8.1,0.443,1.5,4.3,0.355,2.1,3.8,0.541,0.536,1.6,2,0.81,0.4,2.8,3.1,1.4,1.1,0.3,1.1,3,10.3
411,Milos Teodosic,PG,31,LAC,15,0,10,1.1,2.7,0.425,0.7,1.8,0.37,0.5,0.9,0.538,0.55,0.3,0.5,0.571,0.2,0.9,1.1,2.1,0.2,0.1,1.4,1.8,3.2
412,Jared Terrell,SG,23,MIN,1,0,21,1,8,0.125,1,2,0.5,0,6,0,0.188,1,2,0.5,0,1,1,1,2,1,2,2,4
413,Daniel Theis,C,26,BOS,19,2,14.4,2.9,5.1,0.573,0.5,1.3,0.417,2.4,3.8,0.625,0.625,0.8,1.2,0.682,1.4,2.2,3.6,0.9,0.2,0.5,0.7,3.1,7.1
414,Khyri Thomas,SG,22,DET,5,0,5.4,0.6,1.8,0.333,0.4,1.2,0.333,0.2,0.6,0.333,0.444,0.2,0.4,0.5,0.4,1,1.4,0.6,0,0,0.4,0.2,1.8
415,Lance Thomas,PF,30,NYK,11,5,15.2,1.3,3.7,0.341,0.5,1.5,0.294,0.8,2.2,0.375,0.402,0.9,1,0.909,0.4,1.8,2.2,0.5,0.6,0.3,0.5,2,3.9
416,Klay Thompson,SG,28,GSW,30,30,34.7,8.9,19.8,0.449,2.8,7.9,0.352,6.1,12,0.513,0.518,2,2.5,0.811,0.3,3.8,4.2,1.9,1,0.6,1.9,1.9,22.6
417,Tristan Thompson,C,27,CLE,27,27,30.3,5.2,9.5,0.551,0,0,,5.2,9.5,0.551,0.551,1.5,2.5,0.612,5,6.6,11.6,2.1,0.8,0.4,1.5,2.3,12
418,Sindarius Thornwell,SG,24,LAC,15,0,6.8,0.5,1.2,0.389,0.1,0.5,0.143,0.4,0.7,0.545,0.417,0.3,0.3,1,0,1.2,1.2,0.5,0.1,0.1,0.5,1.3,1.3
419,Anthony Tolliver,PF,33,MIN,18,0,16.1,1.4,3.4,0.426,1.2,3.1,0.4,0.2,0.3,0.667,0.607,0.4,0.7,0.583,0.4,1.9,2.3,0.7,0.4,0.4,0.7,1.7,4.5
420,Karl-Anthony Towns,C,23,MIN,29,29,33.8,7.9,16,0.492,1.8,4.7,0.39,6,11.3,0.535,0.55,4.1,4.8,0.857,3.2,8.6,11.8,2.5,0.9,1.7,3.2,3.7,21.7
421,Gary Trent,SG,20,POR,3,0,6.7,1.3,4.3,0.308,0.7,1.7,0.4,0.7,2.7,0.25,0.385,0,0.7,0,0,1.3,1.3,0,0,0,0.3,0.3,3.3
422,Allonzo Trier,SG,23,NYK,27,3,23.3,3.8,8.1,0.47,0.7,1.7,0.391,3.1,6.4,0.491,0.511,3,3.6,0.816,0.6,2.5,3.1,1.9,0.4,0.4,1.9,1.6,11.3
423,P.J. Tucker,PF,33,HOU,28,28,34.9,2.7,6.5,0.415,1.9,4.7,0.402,0.8,1.8,0.451,0.56,0.4,0.6,0.647,1.4,4.7,6.1,1,1.1,0.4,0.9,3,7.7
424,Evan Turner,PG,30,POR,28,0,25.7,3.5,7.5,0.462,0.1,1,0.138,3.3,6.5,0.514,0.471,1,1.6,0.636,0.6,4.5,5.1,4.3,0.8,0.3,1.9,2,8.1
425,Myles Turner,C,22,IND,29,29,27.8,5.2,10.6,0.49,0.6,1.8,0.346,4.6,8.8,0.52,0.52,1.7,2.4,0.71,1.3,5.3,6.6,1.6,0.4,2.7,1.7,2.7,12.7
426,Ekpe Udoh,C,31,UTA,20,0,5.8,0.8,1,0.842,0,0,,0.8,1,0.842,0.842,0.3,0.5,0.5,0.2,0.9,1.1,0.4,0.1,0.5,0.3,0.9,1.9
427,Tyler Ulis,PG,23,CHI,1,0,1,0,0,,0,0,,0,0,,,0,0,,0,0,0,0,0,0,0,0,0
428,Jonas Valanciunas,C,26,TOR,30,10,18.8,5,8.6,0.575,0.3,1,0.3,4.7,7.6,0.611,0.593,2.6,3.1,0.819,1.8,5.4,7.2,1,0.4,0.8,1.3,2.7,12.8
429,Fred VanVleet,PG,24,TOR,27,6,24.9,3.6,8.4,0.425,1.5,4,0.367,2.1,4.3,0.479,0.513,1.1,1.4,0.769,0.4,2,2.4,4.5,0.9,0.1,1.4,1.6,9.7
430,Noah Vonleh,PF,23,NYK,31,24,26.3,2.9,6.1,0.481,0.8,2.1,0.406,2.1,4,0.52,0.55,1.6,2.3,0.718,1.8,6.4,8.2,2.3,0.7,0.9,1.3,2.6,8.4
431,Nikola Vucevic,C,28,ORL,29,29,30.8,8.5,15.9,0.535,1.2,3.1,0.404,7.2,12.8,0.566,0.574,2.3,2.8,0.84,2.4,9.3,11.7,3.7,1,1,2.1,2.1,20.6
432,Dwyane Wade,SG,37,MIA,21,0,25.5,5.3,12.7,0.419,1.6,4.4,0.366,3.7,8.3,0.448,0.483,2.4,3.5,0.685,1.1,2.5,3.6,3.8,0.5,0.6,2.5,1.8,14.7
433,Moritz Wagner,C,21,LAL,7,0,6.3,1.4,3.4,0.417,0.7,1.6,0.455,0.7,1.9,0.385,0.521,0.3,0.6,0.5,0.1,1.3,1.4,0.7,0.1,0,0.4,0.9,3.9
434,Kemba Walker,PG,28,CHO,29,29,34.7,8.3,19.7,0.42,3.2,9.2,0.346,5.1,10.5,0.485,0.501,5.2,6.2,0.829,0.4,4.1,4.5,6.3,1.3,0.4,2.6,1.7,24.9
435,John Wall,PG,28,WAS,28,28,34.8,8,17.7,0.452,1.6,5.1,0.313,6.4,12.6,0.509,0.497,3.9,5.8,0.673,0.5,3.1,3.6,8.9,1.6,1,3.5,2.3,21.5
436,Tyrone Wallace,PG,24,LAC,19,0,7.6,1.4,3.3,0.419,0,0.3,0,1.4,2.9,0.464,0.419,0.5,1.1,0.5,0.3,0.8,1.1,0.5,0.2,0.1,0.4,0.9,3.3
437,Taurean Waller-Prince,SF,24,ATL,21,20,28.7,5.2,12.1,0.431,2.4,6.6,0.367,2.8,5.5,0.509,0.531,2.1,2.6,0.833,0.3,3.7,4,2.3,1.1,0.3,2.6,3,15
438,Brad Wanamaker,PG,29,BOS,11,0,7.9,1.2,2.5,0.481,0.4,0.8,0.444,0.8,1.6,0.5,0.556,0.5,0.5,0.833,0,1,1,1.4,0.2,0,0.7,0.2,3.2
439,T.J. Warren,SF,25,PHO,24,17,29.3,7,13.6,0.515,1.8,4,0.448,5.2,9.6,0.543,0.581,2.3,2.7,0.859,0.8,3.3,4,1.3,0.8,0.8,1.1,2.8,18.1
440,Yuta Watanabe,SG,24,MEM,2,0,6,0,0.5,0,0,0.5,0,0,0,,0,1,1,1,0,2,2,0,0,0.5,0.5,0,1
441,Thomas Welsh,C,22,DEN,6,0,2.2,0.3,0.5,0.667,0.2,0.3,0.5,0.2,0.2,1,0.833,0,0,,0,0.5,0.5,0.3,0,0,0.2,0.2,0.8
442,Russell Westbrook,PG,30,OKC,20,20,34.1,8.2,18.9,0.435,1.3,5.1,0.248,7,13.8,0.504,0.468,3.5,5.6,0.616,1.3,9.2,10.5,10,2.4,0.3,4.5,3.4,21.1
443,Derrick White,PG,24,SAS,21,10,20.6,2.3,5.9,0.39,0.4,1.5,0.25,1.9,4.3,0.44,0.423,0.7,0.9,0.778,0.2,2.5,2.7,3.3,0.8,0,1.4,1.4,5.6
444,Okaro White,PF,26,WAS,3,0,2,0,0.7,0,0,0.7,0,0,0,,0,0,0,,0.3,0.3,0.7,0,0,0,0,0,0
445,Hassan Whiteside,C,29,MIA,24,24,26.5,5.6,10.6,0.525,0.1,0.5,0.154,5.5,10.1,0.545,0.529,2.1,4.5,0.468,4.2,9.2,13.3,0.8,0.6,2.9,1.7,3,13.4
446,Andrew Wiggins,SF,23,MIN,25,25,33.1,6.2,15.3,0.403,1.8,5.1,0.362,4.3,10.2,0.424,0.463,2.1,3,0.716,0.8,3.1,3.9,2.2,1.3,0.6,1.7,2,16.3
447,C.J. Williams,SG,28,MIN,6,0,8.8,0.8,2.3,0.357,0,1,0,0.8,1.3,0.625,0.357,0,0,,0,0.3,0.3,0.5,0.2,0,0.5,1.7,1.7
448,Johnathan Williams,C,23,LAL,6,0,14.2,1.8,3.2,0.579,0,0,,1.8,3.2,0.579,0.579,0.2,0.8,0.2,1.8,1.7,3.5,0.7,0.2,0.5,0.3,3.2,3.8
449,Kenrich Williams,SF,24,NOP,7,0,4.6,0.4,1.1,0.375,0.1,0.4,0.333,0.3,0.7,0.4,0.438,0,0,,0,0.7,0.7,0,0,0,0.1,1,1
450,Lou Williams,SG,32,LAC,26,0,25.2,5.5,13.9,0.398,1.2,3.6,0.344,4.3,10.3,0.416,0.442,4.9,5.2,0.941,0.5,2,2.6,4.5,0.5,0.1,2.3,0.9,17.2
451,Marvin Williams,PF,32,CHO,28,28,25.6,3.2,7.6,0.425,1.7,4.7,0.366,1.5,2.9,0.519,0.538,0.7,1.1,0.667,0.8,4.5,5.3,1,0.8,0.7,0.5,2.1,8.9
452,Robert Williams,C,21,BOS,13,0,7.6,1.1,1.5,0.7,0,0,,1.1,1.5,0.7,0.7,0.2,0.3,0.5,0.9,1.7,2.6,0.1,0.1,1.3,0.2,0.8,2.3
453,Troy Williams,SF,24,SAC,16,0,14.9,2.3,4.8,0.481,0.9,2.2,0.4,1.4,2.6,0.548,0.571,0.5,0.8,0.615,0.4,2.3,2.8,0.4,0.6,0.4,0.3,1.9,6
454,D.J. Wilson,PF,22,MIL,2,0,9.5,2.5,3.5,0.714,1.5,2.5,0.6,1,1,1,0.929,0.5,1,0.5,0,0.5,0.5,0,1,0,0.5,2,7
455,Justise Winslow,PF,22,MIA,25,12,28.1,3.8,9.8,0.39,1.2,3.4,0.369,2.6,6.5,0.401,0.453,1.6,2.3,0.672,1,4,5.1,3.4,0.9,0.4,2.1,2.4,10.5
456,Christian Wood,PF,23,MIL,6,0,6.2,1.5,2.8,0.529,0.3,0.7,0.5,1.2,2.2,0.538,0.588,0.8,1,0.833,0.7,2,2.7,0.3,0,0,0.3,0.3,4.2
457,Delon Wright,PG,26,TOR,27,1,17.1,2.4,5.4,0.435,0.7,1.9,0.365,1.7,3.5,0.474,0.5,0.7,0.7,1,0.8,1.6,2.4,1.8,0.7,0.3,0.8,0.9,6.1
458,Guerschon Yabusele,PF,23,BOS,14,0,5.4,0.6,1.8,0.32,0.1,0.7,0.2,0.4,1.1,0.4,0.36,0.5,0.6,0.875,0.5,0.6,1.1,0.4,0.3,0.1,0.1,0.9,1.8
459,Nick Young,G-F,33,DEN,2,0,7.5,1.5,2,0.75,1.5,2,0.75,0,0,,1.125,0,0,,0,0.5,0.5,0,0,0,1,1,4.5
460,Thaddeus Young,PF,30,IND,30,30,29.5,5,9.8,0.508,0.3,1.3,0.25,4.7,8.5,0.549,0.525,1.2,2,0.617,2.1,3.8,5.9,1.6,1.5,0.4,1.2,2.2,11.6
461,Trae Young,PG,20,ATL,29,29,29.3,5.5,14.5,0.378,1.3,5.4,0.241,4.2,9.1,0.46,0.423,3.1,4,0.791,0.6,2.1,2.7,7.2,0.7,0.3,3.9,1.5,15.4
462,Cody Zeller,C,26,CHO,28,28,24.7,3.9,6.7,0.588,0.1,0.4,0.333,3.8,6.3,0.606,0.599,1.8,2.1,0.864,2.1,3.8,5.9,2,0.8,0.8,1.2,3.2,9.8
463,Ante Zizic,C,22,CLE,19,1,9.3,1.4,2.6,0.52,0,0,,1.4,2.6,0.52,0.52,0.8,1.4,0.615,1,1.8,2.8,0.4,0.1,0.1,0.9,1.2,3.6
464,Ivica Zubac,C,21,LAL,10,0,7.2,1,2,0.5,0,0,,1,2,0.5,0.5,0.4,0.4,1,1,1.7,2.7,0.3,0.1,0.3,0.4,1.2,2.4
